Rank,DisplayName,Balance,Trades,ProductsTraded,DailyPnl,TotalPnl
1,DarkHorseRegime,136434.5,70,"SIL, MNQ",35840.0,111434.5
2,PrasadTrades,126516.94,802,"SIL, SI",10650.0,101516.94
3,KR Daejin Jeon,110289.6,96,"SI, NG",57850.0,85289.6
4,drew,107995.0,913,"SIL, MNQ",43655.0,82995.0
5,MelecioPR,89584.25,84,"SIL, SI",30645.0,64584.25
6,feng,79818.0,96,"MGC, SIL",39273.0,54818.0
7,Odessa,78221.5,55,"SIL, NQ",-21285.0,53221.5
8,Craig Harris,77154.3,114,"SIL, NG",800.0,52154.3
9,Cori pamer,76881.0,79,"SIL, MGC",2180.0,51881.0
10,Ghouser,75485.0,246,"SIL, SI",420.0,50485.0
11,ajithjaaa,74000.0,217,"SIL, NG",11430.0,49000.0
12,Jirick,73231.5,44,"SIL, MGC",0.0,48231.5
13,@ShaktiWaveTraders ,73050.75,516,"SIL, MGC",18478.0,48050.75
14,ratnesh945,69775.25,155,"SIL, MBT",3140.0,44775.25
15,BadDog,69094.0,42,"MGC, SIL",1715.0,44094.0
16,LordofFinance,65977.0,176,"SIL, SI",-1188.0,40977.0
17,SLInc,62230.0,15,SIL,-4045.0,37230.0
18,Shivansh,60647.5,69,"1OZ, SIL",-31125.0,35647.5
19,reichjef,59975.0,10,"NG, GF",16327.5,34975.0
20,CBH357,59355.0,13,"NG, GF",24740.0,34355.0
21,wasupscott,58574.0,24,"NG, SIL",14750.0,33574.0
22,Christopher,57830.0,23,"GF, NG",26175.0,32830.0
23,FatMoneyStonks,56498.0,48,"SIL, MCL",13265.0,31498.0
24,Maduro likes Silver,55483.5,436,"SIL, NG",-1035.0,30483.5
25,Dave ,54154.0,18,"SIL, MGC",12755.0,29154.0
26,http://t.me/equaterra,52842.25,174,"SIL, MGC",-29300.0,27842.25
27,Jakerams,52676.0,33,"SIL, MNQ",25682.5,27676.0
28,Messum88,52199.0,31,"SIL, MGC",14650.0,27199.0
29,yasir reyaz,51347.0,48,"SIL, MGC",-17652.0,26347.0
30,Pietro Valastro,51065.0,7,SIL,-20510.0,26065.0
31,Bhanu,50522.5,171,"NG, TTF",19717.48,25522.5
32,IamSrj,50285.5,52,"MBT, PA",14650.0,25285.5
33,JummJumm,49962.0,81,"SIL, MGC",-6095.0,24962.0
34,JimG,48789.44,62,"SIL, MCL",8798.0,23789.44
35,Pierre250,48330.0,9,"PA, SIL",2295.0,23330.0
36,Alberto Perez,48042.5,61,"SIL, ES",3775.0,23042.5
37,Sush7887,47641.5,44,"SIL, MGC",-20610.0,22641.5
38,Anshfx,47269.0,7,"SIL, MGC",11720.0,22269.0
39,AstonCrouch,47158.31,94,"NG, RB",4203.13,22158.31
40,tonynik56,47059.5,1602,"SIL, MGC",-18290.0,22059.5
41,Dalton,47040.0,9,NG,11340.0,22040.0
42,#Gold finger ,46582.33,244,"SIL, MGC",-7445.0,21582.33
43,David,46442.0,27,"MGC, SIL",-13326.0,21442.0
44,AleC,45615.0,15,"SIL, MNG",-32330.0,20615.0
45,Ujjaval,45351.0,47,"SIL, MGC",3900.0,20351.0
46,joshhhhhhhh,45321.5,23,"MGC, SIL",-11187.5,20321.5
47,KGI Eric,45320.0,25,"SIL, MNQ",0.0,20320.0
48,Mthw,44870.0,3,SIL,-2280.0,19870.0
49,Ad,43745.75,375,"SIL, BZ",0.0,18745.75
50,Jeff M,43699.5,54,"GF, ZC",15577.5,18699.5
51,Akma Dani,43659.0,51,"GC, MGC",-2320.0,18659.0
52,Chalio,43431.5,18,"SIL, MGC",-29300.0,18431.5
53,Moniya8,43401.5,103,"SIL, MGC",14536.0,18401.5
54,DVic,43300.0,24,"SIL, BZ",-1808.0,18300.0
55,Koti813,42902.5,31,"SIL, PA",20225.0,17902.5
56,Isaiah.H,42888.5,54,"SIL, MNQ",8790.0,17888.5
57,L,42706.0,10,"MGC, SIL",14650.0,17706.0
58,DONEFOR,42562.0,58,"MCL, CL",6215.0,17562.0
59,town ,42533.75,11,"SIL, M6E",0.0,17533.75
60,Jim jones,42160.0,9,"NG, SIL",11720.0,17160.0
61,jy,42121.0,43,"SIL, MNQ",-13050.0,17121.0
62,Axel Chretien,41625.0,8,SIL,0.0,16625.0
63,NelsonJ3,41570.5,52,"SIL, MBT",-14650.0,16570.5
64,CoolEquity,41537.35,16,"BFF, SIL",-18871.0,16537.35
65,Dex,41463.43,431,"MGC, ZN",-326.37,16463.43
66,N-Cool,41432.75,14,"NG, SIL",17580.0,16432.75
67,Kalaiselvan.S,40989.5,776,"SIL, MGC",-17904.0,15989.5
68,yogesh,40414.0,39,"SIL, CL",-16064.0,15414.0
69,DefinitelyHumanToo,40342.3,38,"ZL, NG",1140.0,15342.3
70,SarcastixMatrix,40316.98,68,"TTF, QM",4109.72,15316.98
71,Bernadette McGowen,39585.0,2,"SIL, MGC",-9114.0,14585.0
72,Madlion,39342.4,73,"PL, MGC",7065.0,14342.4
73,Archie270,39321.0,20,"SIL, MGC",9438.0,14321.0
74,Futures_Trader,38820.0,4,NG,8910.0,13820.0
75,Icegold,38750.0,20,MNQ,418.0,13750.0
76,Mr Trader,38436.0,28,"CL, MCL",3219.0,13436.0
77,Gerelt,38431.75,263,"MNQ, MGC",8265.5,13431.75
78,Bhagwat Nagargoje,38355.0,23,PL,-90.0,13355.0
79,TroyL,38320.0,34,CL,560.0,13320.0
80,SixPacMac,38238.4,40,RB,1625.4,13238.4
81,Manoj,38139.5,49,"MGC, SIL",1922.0,13139.5
82,Stefan,37410.0,4,"ES, SIL",11720.0,12410.0
83,MB,36914.0,124,"NG, MGC",-2380.0,11914.0
84,TrumanBlack,36865.1,38,"SIL, MGC",0.0,11865.1
85,TraderJane,36811.25,23,"MGC, NG",-8492.75,11811.25
86,HOOP5353,36804.75,178,"MGC, SIL",-1196.25,11804.75
87,Lewis Kinnear,36745.77,203,"GC, NIY",3419.5,11745.77
88,Hardik Bhandari,36669.5,73,"SIL, HG",-2749.75,11669.5
89,TW Wade Lin,36625.0,27,"MGC, SIL",-23440.0,11625.0
90,Joshdog45,36549.0,74,"SIL, NG",-1149.0,11549.0
91,Free,36458.0,16,MNQ,4648.0,11458.0
92,Algo Mulyono ,36434.5,17,"MGC, ES",3240.0,11434.5
93,Suneil Prihar,36195.75,11,"MNQ, 6B",2236.5,11195.75
94,3697777,36162.4,14,"SIL, ZB",8790.0,11162.4
95,Fabian,36097.5,81,"SIL, MGC",1732.25,11097.5
96,Aries,35990.0,5,"NG, CL",6240.0,10990.0
97,Rudra Choudhury,35931.25,7,"MET, NG",6650.75,10931.25
98,WHITEKNIGHT,35898.0,7,"MNG, NG",8760.0,10898.0
99,leoyan,35793.5,16,"SIL, MGC",0.0,10793.5
100,Ramz,35591.5,13,"NG, CL",6300.0,10591.5
101,Tiger7F168,35470.0,1,SIL,-8790.0,10470.0
102,Opsy,35467.0,71,"MNQ, SIL",6605.5,10467.0
103,Varu,35456.25,40,"HG, 6E",-975.0,10456.25
104,R4in,35362.5,80,"SIL, MNQ",-401.0,10362.5
105,Amar,35349.25,24,"GF, 1OZ",-9700.0,10349.25
106,Matevie,35323.0,46,SIL,-17580.0,10323.0
107,YAZATA,35250.0,3,"NG, GC",3240.0,10250.0
108,BFCCo,35072.5,3,"LE, MES",9802.5,10072.5
109,Alex Sousa,35057.5,47,"MGC, MNQ",0.0,10057.5
110,TradingDiva,34980.0,3,NG,6300.0,9980.0
111,HGreaves,34828.5,12,"HG, 6J",6159.75,9828.5
112,b0nezaw,34798.5,31,"PL, MNQ",-2265.0,9798.5
113,mallah,34575.5,392,"MGC, SIL",-2616.5,9575.5
114,Don,34456.85,11,"NG, E7",11640.0,9456.85
115,Tsing Ouyang,34448.52,21,"MGC, SIL",-3502.6,9448.52
116,Pennesi,34400.0,37,NG,8580.0,9400.0
117,Iqbal Asset,34298.6,41,"MNQ, MET",-281.5,9298.6
118,SpeculatorBDHskill,34295.5,9,"HG, PL",4710.0,9295.5
119,Allison,34290.5,45,"MNQ, MGC",7325.0,9290.5
120,Sanjays1,34253.25,26,"SIL, MES",-14650.0,9253.25
121,Vikram Prabhuram,34218.6,72,"MGC, MES",4079.5,9218.6
122,Max Molter,34210.0,7,"NG, QM",7227.5,9210.0
123,Sam Patil,34174.0,70,"SIL, MGC",5045.0,9174.0
124,MZ,34162.5,19,"PL, SIL",-702.5,9162.5
125,vladraft,34104.0,12,"SIL, MGC",786.0,9104.0
126,Hallelujah ,33996.02,210,"SIL, MNQ",-5675.07,8996.02
127,KevinG,33969.5,56,"MGC, ES",4850.0,8969.5
128,Nikolait71,33966.0,201,"SIL, CL",-100.0,8966.0
129,Srab,33809.8,12,"MNQ, BZ",0.0,8809.8
130,DAVID MEJIA,33758.5,11,"MGC, MNQ",-7480.0,8758.5
131,nrestudent,33691.0,6,"SIL, MGC",0.0,8691.0
132,Daniel Tetreault,33608.9,734,"SIL, MGC",324.4,8608.9
133,CHARLES GITAU IRUNGU,33600.0,1,HG,4175.0,8600.0
134,Victor,33577.75,26,"BFF, CL",-10940.0,8577.75
135,Tara,33538.5,22,"MES, M2K",2298.0,8538.5
136,Himstocks,33511.0,9,"SIL, MNQ",-2664.0,8511.0
137,Vincent,33370.0,9,SIL,0.0,8370.0
138,oliver,33369.5,26,"ES, MNQ",7560.0,8369.5
139,Tom C,33306.5,90,"MGC, 1OZ",5008.25,8306.5
140,kyan,33133.81,58,"MNQ, QM",1887.5,8133.81
141,Marko44,32956.25,57,"PL, MGC",10501.0,7956.25
142,Ruth,32910.06,66,"MGC, SIL",-6486.5,7910.06
143,NatureLegend,32856.5,45,"SIL, MNQ",0.0,7856.5
144,srishti,32855.0,8,SIL,-8790.0,7855.0
145,Mayank Yadav,32823.0,22,"6E, MNQ",0.0,7823.0
146,Shubham,32780.0,15,"SIL, NG",-17580.0,7780.0
147,Mmm,32764.0,3,"MNQ, SIL",6357.0,7764.0
148,NCKUTOTHEMOON,32435.0,7,SIL,-11720.0,7435.0
149,Joshua Elias,32360.0,29,"SIL, MNQ",-17580.0,7360.0
150,oooga,32346.0,15,"SIL, MGC",0.0,7346.0
151,tater,31883.0,91,"MGC, GC",3060.0,6883.0
152,JB_ Shkreli,31808.5,32,"MES, E7",-77.5,6808.5
153,Macdonald_Makgolo,31774.9,415,"MGC, SIL",0.0,6774.9
154,JREMR,31757.5,21,"MBT, SIL",0.0,6757.5
155,Ramona Flowers,31724.43,136,"SIL, MGC",254.0,6724.43
156,sergiospreader,31686.8,12,"MET, 1OZ",310.75,6686.8
157,LouisCalderon,31452.42,18,MNQ,2062.0,6452.42
158,Davyboy,31423.74,29,"NIY, 6E",0.0,6423.74
159,Jordan H,31355.1,175,"MGC, MNQ",7676.5,6355.1
160,Dante,31355.0,3,"SIL, SR3",-225.0,6355.0
161,tkurzhal,31328.97,88,"MNQ, MBT",2227.18,6328.97
162,MAT,31236.22,10,"CL, MGC",8866.62,6236.22
163,alexlimlexart,31228.5,111,"MNQ, MGC",368.5,6228.5
164,Azazavr,31165.5,36,"MNQ, GC",2707.5,6165.5
165,ADI,31138.0,243,MGC,1255.0,6138.0
166,Jordan Belfast,31125.0,8,SIL,-1870.0,6125.0
167,CRRtradingcommunity,31037.5,11,ES,100.0,6037.5
168,Obaid,30987.5,43,"MNQ, GC",3367.0,5987.5
169,Tugga,30872.5,9,"MBT, MNQ",765.0,5872.5
170,roythegud,30868.0,11,"SIL, NG",-2355.0,5868.0
171,stonxmith,30829.35,139,"MNQ, MES",-1508.75,5829.35
172,Four Aces,30818.75,3,"ZW, ZS",3131.25,5818.75
173,AY,30727.0,55,"SIL, MBT",-656.5,5727.0
174,Nomix,30690.0,63,"MNQ, MBT",2593.35,5690.0
175,Gixxer,30678.33,64,"SIL, MBT",-1138.39,5678.33
176,ATFutures,30666.5,28,"SIL, MES",0.0,5666.5
177,W. BROWN,30640.94,127,"MGC, SIL",8790.0,5640.94
178,Daffoory,30634.0,16,"SIL, MGC",0.0,5634.0
179,Imfansky,30627.0,6,MGC,0.0,5627.0
180,ecalabro,30595.64,80,"SIL, MNQ",-4153.5,5595.64
181,Nagsen,30593.32,47,"MBT, MYM",0.0,5593.32
182,rustam,30487.18,19,"MNQ, MBT",1962.5,5487.18
183,Kevin LaRocca,30432.0,8,"MNQ, SIL",-9535.5,5432.0
184,Kuda,30381.25,7,6B,250.0,5381.25
185,Benoit et Antoine,30375.0,40,"6E, 6J",950.0,5375.0
186,Sran7,30367.0,161,"SIL, NG",8790.0,5367.0
187,Daflux,30343.0,94,"SIL, MGC",8790.0,5343.0
188,KRISHNA,30310.0,12,"CL, NG",-2730.0,5310.0
189,Ayublm77,30279.58,62,"ES, GC",0.0,5279.58
190,Heylo,30237.5,131,"SIL, PL",8790.0,5237.5
191,Vivian,30203.0,40,"NG, MCL",0.0,5203.0
192,Ernutet,30198.5,180,"SIL, MGC",-10800.25,5198.5
193,lucifer06,30167.4,10,"M2K, NIY",363.75,5167.4
194,BLADE,30125.0,39,"MGC, MNQ",3240.0,5125.0
195,Luis Castano,30090.0,6,MNQ,-2236.5,5090.0
196,VictorM,30084.75,124,"MNQ, MES",-592.0,5084.75
197,Tzu,29913.5,309,"MNQ, MGC",947.5,4913.5
198,Mehdi,29899.0,18,"SIL, MNQ",0.0,4899.0
199,Abdelilah1969,29884.0,6,MGC,-3240.0,4884.0
200,Evilgoldenknight,29884.0,4,"MGC, SIL",-6507.0,4884.0
201,bkaanm,29858.75,41,"SIL, MGC",540.0,4858.75
202,SDAVIS,29835.0,26,"SIL, MGC",2990.0,4835.0
203,Uttam,29815.0,11,SIL,-11720.0,4815.0
204,Peter,29782.5,35,"CL, GC",140.0,4782.5
205,Flying Pharma,29779.0,13,"CL, MCL",0.0,4779.0
206,Wansoo,29763.0,106,"MGC, MNQ",3240.0,4763.0
207,Ishy,29700.0,108,MGC,3110.0,4700.0
208,nik99,29689.5,14,MNQ,1988.0,4689.5
209,Bob3,29669.75,25,"SIL, MBT",0.0,4669.75
210,Bandolero,29645.0,25,"GF, ZS",230.0,4645.0
211,niquee,29621.5,72,"MGC, SIL",0.0,4621.5
212,Pivotal,29598.0,65,"MGC, SIL",0.0,4598.0
213,Sachin,29573.4,2,"YM, HO",1804.4,4573.4
214,wuu,29565.0,7,"ES, CL",875.0,4565.0
215,Jim D,29562.75,69,"SIL, MES",0.0,4562.75
216,Liquidated my shorts,29556.5,10,"MGC, MBT",-5766.0,4556.5
217,Starship Trooper,29553.0,137,"SIL, MNQ",7090.0,4553.0
218,Jaydip,29507.0,59,"MGC, GC",916.0,4507.0
219,LDP,29506.5,98,"MNQ, SIL",952.5,4506.5
220,Jose,29490.99,189,"MGC, MBT",1421.0,4490.99
221,ebobot,29420.0,21,CL,-650.0,4420.0
222,ANDREI,29417.39,21,"CL, 6J",2772.62,4417.39
223,33taitzm33,29403.0,7,"SIL, MGC",-12368.0,4403.0
224,Thomas Ayers,29362.5,3,"ZS, ZC",3425.0,4362.5
225,srgmntl,29360.0,6,CL,0.0,4360.0
226,Danny Silverstein,29306.65,9,"MNQ, RB",1597.25,4306.65
227,FGCD,29302.75,26,"SIL, NG",-6452.5,4302.75
228,Dollar Wil,29251.0,55,MNQ,2878.5,4251.0
229,Mytyai,29250.0,2,ZW,4125.0,4250.0
230,Antomeister,29245.0,8,"MBT, MET",-287.5,4245.0
231,Shreyaas,29244.52,59,"BFF, MET",-1296.38,4244.52
232,LitixTrades,29141.48,69,"MGC, SIL",935.5,4141.48
233,abarker1223,29131.5,27,"ZC, MGC",13490.0,4131.5
234,Nimbus,29109.0,1,MBT,-765.0,4109.0
235,etrader,29098.75,13,"ES, SIL",0.0,4098.75
236,Norman Lee,29090.0,5,"MGC, SIL",-7877.0,4090.0
237,Achintya,29081.0,76,"SIL, PL",0.0,4081.0
238,Wadiyatalkingabeet,29070.0,2,SIL,4070.0,4070.0
239,kdc,29066.0,6,"MBT, SIL",-2241.5,4066.0
240,Expert Cro,29061.0,11,"MGC, MCL",0.0,4061.0
241,JesusWept,29006.5,1,MBT,-765.0,4006.5
242,Hardik Trehan,28932.5,16,"SIL, 6E",-5620.0,3932.5
243,The FishMan,28877.0,7,"SIL, MBT",-8790.0,3877.0
244,pkliewer67,28857.1,7,"MBT, MES",0.0,3857.1
245,Skythunder,28778.75,4,"HG, MHG",4582.5,3778.75
246,Key _ ICT,28772.0,13,"MGC, SIL",0.0,3772.0
247,Matteo Mazza,28753.25,24,"CL, ES",0.0,3753.25
248,Roger,28744.5,1,MNQ,1739.5,3744.5
249,Mark Diaz,28688.0,24,"MGC, GC",3240.0,3688.0
250,Hondo913,28656.0,15,"MGC, MNQ",1739.5,3656.0
251,LegenieDP,28640.0,22,MGC,2268.0,3640.0
252,PPMPO643,28637.5,2,"BZ, 6J",3187.5,3637.5
253,kavin,28591.0,75,MGC,1370.0,3591.0
254,jjjorge,28575.0,9,ES,875.0,3575.0
255,TD,28542.5,28,"SIL, ES",-3460.0,3542.5
256,gundu,28449.0,53,"MGC, GC",-600.0,3449.0
257,Lionrain,28382.5,9,"MES, ES",862.5,3382.5
258,Rohin,28379.0,92,"SIL, CL",3950.0,3379.0
259,RahulR,28366.5,69,"MNQ, MBT",-2978.5,3366.5
260,Mustafa,28359.5,206,"SIL, ES",-670.0,3359.5
261,Tu bangura,28331.5,4,"MNQ, GC",3240.0,3331.5
262,Jackp,28313.5,223,"ZC, MNQ",0.0,3313.5
263,Ideltonzera,28290.5,66,"MNQ, ES",188.0,3290.5
264,Ophelimity,28251.5,130,"MNQ, MGC",-5860.0,3251.5
265,poloniexcoin,28234.72,39,"MNQ, MES",-127.0,3234.72
266,SC,28210.85,21,"MES, NG",3080.0,3210.85
267,MacroT,28183.75,3,MES,862.5,3183.75
268,Rashad_B,28166.12,8,"ZF, MET",-1190.63,3166.12
269,STP,28149.0,34,"SIL, MBT",11720.0,3149.0
270,Gargarsimo,28139.6,85,"SIL, PL",0.0,3139.6
271,Humberto Camacho,28138.0,5,MGC,2916.0,3138.0
272,navigator,28113.0,84,"SR3, HE",1425.0,3113.0
273,DAWUD,28093.5,74,"MBT, MES",45.0,3093.5
274,Edge365,28065.5,43,"MBT, MGC",-765.0,3065.5
275,E E,28027.5,78,"MNQ, MES",-566.5,3027.5
276,ShubhamBorda,28019.28,17,"MGC, MNI",375.0,3019.28
277,GcG,28018.75,4,6E,0.0,3018.75
278,Rockydog,28001.5,72,"MGC, MES",-3240.0,3001.5
279,Preston,27947.0,80,"MGC, MNQ",230.0,2947.0
280,Dr. P,27947.0,16,"ES, MNQ",-262.5,2947.0
281,Zeu667,27938.5,2,MNQ,1491.0,2938.5
282,CherryBenz,27927.5,13,"ES, SIL",-875.0,2927.5
283,Mercury Rizing,27915.5,7,"SIL, MNQ",-2930.0,2915.5
284,Gleexed,27889.5,3,MNQ,-1739.5,2889.5
285,Liky,27887.5,25,ES,-875.0,2887.5
286,White Rabbit,27880.0,5,CL,3340.0,2880.0
287,TraderTime,27835.0,8,SIL,0.0,2835.0
288,Matthew Hicks,27822.75,32,"CL, BZ",0.0,2822.75
289,Sergio Hern,27745.05,42,"MES, MNQ",-862.5,2745.05
290,JumboCat,27697.74,19,"MBT, MET",-900.76,2697.74
291,Joe Fry,27697.0,5,"CL, MGC",-1059.0,2697.0
292,ChrisVHarding,27664.5,24,"SIL, ES",0.0,2664.5
293,Trend maker,27640.4,8,"NIY, LE",-1739.5,2640.4
294,SCM_007,27635.5,84,"GC, MGC",3240.0,2635.5
295,Gabriel C,27630.0,12,SIL,0.0,2630.0
296,Sanghyun Woo,27625.0,1,ZC,2750.0,2625.0
297,Sohit,27619.5,80,"SIL, MGC",6910.0,2619.5
298,Shakalulu,27594.5,19,"MGC, GC",0.0,2594.5
299,Nogg Trader,27593.0,17,MNQ,-694.0,2593.0
300,Abhi,27591.0,29,"CL, MGC",-3887.0,2591.0
301,PJDubs,27546.55,86,"SIL, MBT",-765.0,2546.55
302,Lokajit D,27510.0,3,MGC,0.0,2510.0
303,Vikas,27497.0,1,MGC,1620.0,2497.0
304,Noah Hova,27469.0,16,"SIL, MCL",-11720.0,2469.0
305,Sunil ,27423.75,24,"6J, PL",4515.0,2423.75
306,Cello,27414.5,2,MNQ,0.0,2414.5
307,Steven,27400.0,71,"ES, GC",1742.5,2400.0
308,DeathValleyTiger1986,27398.7,9,"6J, CL",-385.75,2398.7
309,Kerry Heard,27387.5,8,ES,0.0,2387.5
310,ChrisG,27341.65,100,"SIL, MGC",-6171.0,2341.65
311,jil,27340.4,68,"ES, BFF",2798.1,2340.4
312,ar19909,27317.5,4,"ES, SIL",0.0,2317.5
313,AlgoAsherGator,27315.65,25,"MYM, MNQ",-203.75,2315.65
314,radosavljevic,27301.0,46,"MGC, SIL",-274.0,2301.0
315,Hyperplanz,27290.0,7,"NG, GC",-3055.0,2290.0
316,alamy2005,27290.0,5,"SIL, PL",-2355.0,2290.0
317,Zee,27282.7,139,"SIL, MCL",9432.0,2282.7
318,Mjaman ,27225.0,17,ES,-225.0,2225.0
319,JoeMan,27200.0,5,"6E, 6A",2000.0,2200.0
320,GAB,27163.93,22,"MYM, YM",-473.33,2163.92
321,Rory K.,27145.9,81,"SIL, MBT",33.25,2145.9
322,ABDOULAHI CISSE,27138.0,10,MGC,1853.0,2138.0
323,Paul Mock,27133.45,9,"MBT, MGC",393.12,2133.45
324,Hamba 4LL4H,27126.19,73,"MNQ, MGC",2713.8,2126.19
325,Yevgeniy,27125.0,18,"BZ, 6S",2238.75,2125.0
326,LotteryDev,27087.5,4,ES,0.0,2087.5
327,kramerica,27087.5,15,"SIL, ZW",-1677.5,2087.5
328,Joao Jardim,27064.5,10,MNQ,1242.5,2064.5
329,cpalma,27062.0,5,MNQ,-1739.5,2062.0
330,happy,27059.5,6,"ES, MNQ",0.0,2059.5
331,John W,27050.0,185,MNQ,0.0,2050.0
332,Karan,27046.0,6,MGC,0.0,2046.0
333,illusivenick,27045.0,7,"SIL, GC",0.0,2045.0
334,Tsegay,27025.0,1,ES,875.0,2025.0
335,LDTR,27014.25,53,"1OZ, MNG",-5012.0,2014.25
336,Sharkfist,26980.0,28,NG,-1700.0,1980.0
337,CavernsBoy,26980.0,77,"SIL, MGC",0.0,1980.0
338,Stephie,26962.35,171,"MGC, SIL",-2611.5,1962.35
339,Da Trader,26906.25,3,MES,862.5,1906.25
340,Robert Nicholson,26883.2,312,"MNQ, MGC",441.44,1883.2
341,stormfall,26858.0,10,"MNQ, PL",-1491.0,1858.0
342,Estefano,26827.5,52,"CL, ZL",1522.5,1827.5
343,Kenzo Cash Money,26798.5,14,"MNQ, MBT",-2320.5,1798.5
344,The Different Trader,26777.7,133,"ES, MNQ",-962.5,1777.7
345,Mi Tran,26774.5,30,"SIL, MNQ",-249.5,1774.5
346,Praveen,26774.0,27,"MNQ, SIL",0.0,1774.0
347,AV1.2,26758.15,22,"MYM, MGC",1502.25,1758.15
348,sebastian avila,26748.56,111,"MNQ, MBT",111.0,1748.56
349,lioneuece,26737.5,2,ES,0.0,1737.5
350,Kalev,26727.5,8,MNQ,-1887.0,1727.5
351,unicus,26725.0,14,ES,0.0,1725.0
352,Nep,26580.0,18,SIL,0.0,1580.0
353,Muhammad Adeel Khan,26575.0,2,MES,0.0,1575.0
354,VARUN,26566.0,63,"SIL, MGC",1315.0,1566.0
355,starter,26540.5,13,"MGC, NG",0.0,1540.5
356,5KTrading,26525.0,4,ES,0.0,1525.0
357,seandunaway,26525.0,22,ES,0.0,1525.0
358,Richard Nolan,26520.0,11,"MBT, HG",-59.0,1520.0
359,Lach,26514.35,23,"MNQ, MNI",0.0,1514.35
360,hkhalil,26507.0,11,MNQ,-248.5,1507.0
361,SKAR,26502.47,47,"MYM, MET",-588.57,1502.47
362,rua38,26501.0,38,"MNQ, ES",499.5,1501.0
363,AdiKash,26489.0,30,"MGC, ES",522.0,1489.0
364,StevieJ,26475.0,10,ES,0.0,1475.0
365,Eduardo Paez,26474.5,18,"GC, ZC",0.0,1474.5
366,Kengi Mc,26466.0,36,"MGC, SIL",-8790.0,1466.0
367,Namo,26450.0,3,"6B, ES",875.0,1450.0
368,zovani,26449.0,11,MNQ,875.5,1449.0
369,Eric_M_Trades,26445.22,50,"ES, MNQ",-1242.5,1445.22
370,JOHN E PARIS CTP,26437.5,9,HG,-4212.5,1437.5
371,Punziconia,26429.0,6,MNQ,-745.5,1429.0
372,EVANL57,26417.25,98,"MGC, HG",0.0,1417.25
373,raBBiT,26414.0,5,"MNQ, MGC",1242.5,1414.0
374,SpeedyTurtleTrading,26411.5,11,MNQ,0.0,1411.5
375,Melissa Trades,26396.5,22,MNQ,0.0,1396.5
376,SEA Anuar Hashim,26390.0,19,CL,340.0,1390.0
377,sudhanshu,26385.0,9,MGC,2592.0,1385.0
378,Chas,26376.5,30,"SIL, MNQ",0.0,1376.5
379,yjsgx_,26371.72,34,MNQ,1363.9,1371.72
380,Ganja Trades,26364.5,10,MNQ,-1739.5,1364.5
381,Hunain Khalid,26360.0,187,"MNQ, MBT",0.0,1360.0
382,MoneyStream,26348.5,3,"SIL, HG",-5665.5,1348.5
383,Maverick.1,26345.0,6,SIL,0.0,1345.0
384,Prathviraj,26334.5,24,"SIL, MNQ",0.0,1334.5
385,jimm,26328.75,9,"MYM, YM",-727.25,1328.75
386,Vitaly,26307.5,21,"SIL, MBT",550.0,1307.5
387,russ,26295.5,1,MNQ,-1491.0,1295.5
388,DoublePeak,26282.0,13,MGC,0.0,1282.0
389,Johns,26275.0,30,"ES, MES",712.5,1275.0
390,Wisdom App,26264.0,41,"MGC, HG",-2916.0,1264.0
391,Goldie,26263.0,6,"CL, MGC",2592.0,1263.0
392,BLADERUNNER ,26260.87,21,"MNQ, MES",-3.0,1260.87
393,avocado,26240.0,4,"CL, SIL",0.0,1240.0
394,Jarell,26237.5,42,"MGC, MES",-150.0,1237.5
395,Hawaii2017,26224.0,2,MNQ,1739.5,1224.0
396,NewHighs,26211.16,3,"MNI, MYM",880.26,1211.16
397,RusKay,26209.2,17,"MET, 6J",850.0,1209.2
398,DMH,26191.5,77,"SIL, MGC",-5112.5,1191.5
399,Sam,26191.5,38,"MBT, NG",1188.0,1191.5
400,SosoYasSoso,26175.0,14,"MNQ, MYM",-1739.5,1175.0
401,OC,26171.0,15,"HE, SIL",865.0,1171.0
402,Mani_BG,26150.0,17,ES,100.0,1150.0
403,blancourko,26143.5,16,"NG, 1OZ",0.0,1143.5
404,RBOT,26137.0,19,"MGC, MNQ",0.0,1137.0
405,Bob Doviak,26125.0,1,ES,875.0,1125.0
406,Selekta,26118.75,13,"ES, MES",0.0,1118.75
407,Aman,26101.0,33,"MGC, GC",-3240.0,1101.0
408,Wayne-Gro Trading,26099.8,20,"MCL, MNQ",-5647.2,1099.8
409,TW ss hsu Wish u a good life,26098.0,8,MNQ,0.0,1098.0
410,Khelt,26089.55,146,"LE, MNQ",688.5,1089.55
411,Phoenix,26080.0,5,"MGC, MNQ",1080.0,1080.0
412,Vedant Amrutkar,26079.0,3,"M2K, MET",943.5,1079.0
413,Mentalofcap,26062.0,5,"MNQ, MGC",2516.5,1062.0
414,CAPTAIN,26060.22,46,"MNQ, M2K",-788.0,1060.22
415,PipSqueak_Run,26045.0,6,"MGC, MES",1529.0,1045.0
416,Filip Szypko,26043.0,39,MGC,0.0,1043.0
417,RookieTradesNQ,26042.0,2,MNQ,0.0,1042.0
418,One14Miller,26027.09,12,"HG, TTF",0.0,1027.09
419,Carlos Martins,26011.25,14,"ES, MES",0.0,1011.25
420,ustrader,26003.46,12,"MBT, CL",-1976.01,1003.46
421,Joe The Extreme Trader sssssssmmmmiiiiiiiith,25996.0,1,MNQ,1739.5,996.0
422,TheO'HareTrade,25990.0,1,CL,3950.0,990.0
423,Roman Moebius,25988.0,24,"NG, MNG",-324.0,988.0
424,BBS26,25979.0,11,"MGC, CL",0.0,979.0
425,Adolf0,25975.0,35,ES,0.0,975.0
426,Jacob Dorton,25947.5,5,"CL, MES",5540.0,947.5
427,Varad Gandhi,25932.7,10,"SIL, ES",-2130.0,932.7
428,FCS,25925.0,5,SIL,-7570.0,925.0
429,Robyvecchio,25912.0,23,"MGC, NG",0.0,912.0
430,Damir Khasianov,25887.5,14,ES,0.0,887.5
431,JSwell,25880.0,3,"MNQ, MGC",1281.0,880.0
432,Alaye2008,25874.4,101,"MNQ, MGC",-1739.5,874.4
433,JJ Trader,25869.0,15,"UB, M2K",-2031.25,869.0
434,MyanmarTrader,25855.0,228,MGC,12.0,855.0
435,ExoProtocol,25849.5,4,"MNQ, MGC",779.0,849.5
436,Makc,25844.5,8,MNQ,-1739.5,844.5
437,$uDU,25827.0,1,MGC,2592.0,827.0
438,Johnzii,25820.0,16,"MGC, MNQ",-311.0,820.0
439,Charles Ngalle,25805.5,6,"MES, MYM",-1600.0,805.5
440,Shipp42,25750.0,1,ES,875.0,750.0
441,Muhammad Dawood Chaudhary,25750.0,1,ES,875.0,750.0
442,JKimmy,25747.5,2,MES,0.0,747.5
443,Evolver85,25747.25,8,"MBT, 6J",0.0,747.25
444,TeddyM,25746.0,29,MNQ,1659.5,746.0
445,Rohboot,25740.62,20,"GC, MGC",-3187.0,740.62
446,shubh,25740.0,6,NG,0.0,740.0
447,ChrLun,25737.0,2,MBT,0.0,737.0
448,Kevin Trinh,25718.0,28,"MGC, MES",0.0,718.0
449,Yonatan.B,25712.5,59,ES,875.0,712.5
450,Hoa,25707.74,46,MNQ,0.0,707.74
451,KTrader,25701.32,10,"MNQ, MES",0.0,701.32
452,sammysingh,25697.5,145,"ES, CL",-1667.5,697.5
453,DaGeneral,25678.5,10,MNQ,0.0,678.5
454,Karan Sarvade,25675.0,12,MNQ,0.0,675.0
455,Mohit Kumar Saini,25650.0,1,ES,875.0,650.0
456,Eric W,25646.9,19,"MET, SIL",-817.45,646.9
457,T Wilde,25646.35,82,"MBT, MCL",-33.0,646.35
458,Mani,25645.0,30,"MGC, SIL",-2916.0,645.0
459,Andre.S,25637.0,20,"MGC, ES",0.0,637.0
460,Andrew Haveron,25634.83,36,"SIL, MHG",-585.0,634.83
461,Alexey P,25625.0,3,"ZM, ZW",1587.5,625.0
462,jamin51,25624.5,11,"MYM, MGC",-972.0,624.5
463,J Zin 39 X39,25614.0,4,"CL, MGC",3302.0,614.0
464,ZONE,25612.0,5,"MNG, MNQ",-1739.5,612.0
465,717,25608.5,17,"MNQ, MNI",1739.5,608.5
466,Rohit Hooda,25606.25,3,"E7, YM",-535.0,606.25
467,TRIPLEPHASE,25598.0,22,"ES, MGC",0.0,598.0
468,JMoney,25591.5,11,MBT,0.0,591.5
469,ElBlanco,25587.5,1,ES,875.0,587.5
470,GWOFZONE,25583.0,4,"SIL, MNQ",2312.0,583.0
471,Swapnajit Dey,25582.5,66,"MNQ, CL",-1339.5,582.5
472,traderKMB,25577.5,4,"MGC, MNQ",0.0,577.5
473,JustinN,25574.37,61,"SIL, MGC",11471.5,574.37
474,Rahul,25569.5,20,"NG, MNQ",0.0,569.5
475,1p6h8c3,25558.5,17,"MNQ, MGC",2268.0,558.5
476,DAVID,25550.0,8,ES,-1287.5,550.0
477,zack78,25534.0,10,MGC,0.0,534.0
478,kg,25530.0,3,NG,5980.0,530.0
479,psycho_drama_beauty_queen,25513.3,6,"PL, CL",0.0,513.3
480,agnieszka,25500.0,25,ES,-875.0,500.0
481,Richard Stolle,25487.0,48,"MBT, MNQ",-767.0,487.0
482,Ezequiel Schecheleski,25484.5,16,"MGC, MNQ",0.0,484.5
483,sabotombo,25480.0,2,RTY,0.0,480.0
484,MindChart,25463.0,54,"YM, MNQ",0.0,463.0
485,djp712,25457.5,10,"YM, ES",470.0,457.5
486,GoDawgs,25450.0,7,"NG, CL",0.0,450.0
487,Peloshig,25450.0,2,"ES, MES",961.25,450.0
488,JYang,25447.5,12,"6N, 6E",-805.0,447.5
489,Daniel,25439.0,46,"MNQ, MES",0.0,439.0
490,Naman Bansal,25434.0,11,"NG, MNG",-648.0,434.0
491,ASPine,25431.25,4,6E,0.0,431.25
492,Charlie-algo-logic,25420.0,3,MGC,2916.0,420.0
493,Brokegains,25418.0,7,"YM, MNQ",-497.0,418.0
494,GPH,25412.5,10,ES,412.5,412.5
495,Bill Crosby,25406.0,28,"MES, MNQ",280.0,406.0
496,wchoi,25387.5,10,ES,0.0,387.5
497,ZenTrader,25384.5,41,MNQ,0.0,384.5
498,JinY07,25372.5,5,"ES, MES",-875.0,372.5
499,draftman,25357.0,2,MGC,0.0,357.0
500,Aravinthan,25347.0,10,MNQ,0.0,347.0
501,Conrad,25338.75,10,"MES, ES",0.0,338.75
502,Trader,25325.0,10,"SIL, MGC",-8890.0,325.0
503,Jabul ADGM,25324.0,1,MGC,-1620.0,324.0
504,Coconut Capital,25315.0,19,"MGC, SIL",0.0,315.0
505,cia2026,25315.0,5,MNQ,0.0,315.0
506,MALINA,25305.0,1,YM,535.0,305.0
507,Jonathan Castellanos,25290.5,21,"MNQ, ES",0.0,290.5
508,Ankit,25278.0,17,"MGC, SIL",0.0,278.0
509,Carla,25277.0,32,"ES, MBT",-382.5,277.0
510,kim,25269.0,5,"CL, SIL",972.0,269.0
511,BDGXXX,25262.5,1,ES,387.5,262.5
512,M_S_Vishnu,25253.0,4,MGC,0.0,253.0
513,Alfonso Cabieles ,25250.0,13,"CL, PA",0.0,250.0
514,SP,25250.0,1,MES,250.0,250.0
515,Henry Appiah Asiamah,25237.5,3,6E,237.5,237.5
516,Omar-K-1,25234.5,57,MNQ,745.5,234.5
517,IoFlemming,25233.5,2,MNQ,0.0,233.5
518,SEA_SURAJKARTIK GIRISH PATEL,25228.5,51,MBT,0.0,228.5
519,OptionstraderYYC,25221.25,6,MES,0.0,221.25
520,AK1215,25212.5,2,MES,0.0,212.5
521,LittleDipper,25212.5,2,ES,0.0,212.5
522,HDaleDazzler,25211.5,1,MBT,0.0,211.5
523,Kiarie,25203.0,19,"MGC, CL",229.0,203.0
524,ChenuraDulwan,25193.0,35,"MCL, SIL",0.0,193.0
525,Dloc403,25191.5,8,"MCL, 1OZ",0.0,191.5
526,Poonam Devi,25186.0,7,MGC,-324.0,186.0
527,AT,25182.5,27,"MBT, BFF",53.25,182.5
528,20Dan,25180.0,2,SIL,0.0,180.0
529,IFMG Trading,25180.0,2,CL,0.0,180.0
530,Anas,25179.25,14,"MES, MBT",-603.75,179.25
531,intriguing art,25175.0,14,ES,0.0,175.0
532,MasterChief,25175.0,2,ES,0.0,175.0
533,Ryan,25171.5,2,MBT,0.0,171.5
534,pitaking,25166.75,93,"MES, MNQ",387.75,166.75
535,Horse2026,25164.25,30,"6E, MBT",0.0,164.25
536,webbie57,25154.5,23,MNQ,0.0,154.5
537,Huntingdog,25153.0,16,MGC,0.0,153.0
538,Dragonfly Doji,25150.0,3,ES,-212.5,150.0
539,HJA,25147.0,4,"MGC, MNQ",0.0,147.0
540,Mr. Frank,25142.5,7,"MES, MNQ",-150.0,142.5
541,Davidmj81,25137.5,12,MNQ,251.5,137.5
542,lgz,25137.5,4,ES,0.0,137.5
543,Brad,25137.5,3,ES,-875.0,137.5
544,Saksham yadav,25134.5,1,MNQ,248.5,134.5
545,abbycmk,25131.5,10,"MNQ, MGC",0.0,131.5
546,Amir,25128.0,1,MGC,648.0,128.0
547,Nik,25125.5,12,"MES, MCL",0.0,125.5
548,Toxx,25125.0,45,"MGC, SIL",-7155.0,125.0
549,Rich,25120.0,2,RTY,0.0,120.0
550,Dbb,25120.0,1,MES,-172.5,120.0
551,JROC smc,25118.0,95,MGC,570.0,118.0
552,80:R T-raider,25116.22,29,"SIL, MNI",0.0,116.22
553,Sagheer,25113.0,2,MBT,0.0,113.0
554,MAY,25112.5,2,ES,0.0,112.5
555,Scrith,25111.25,14,"MBT, MET",0.0,111.25
556,James,25110.44,8,NIY,0.0,110.44
557,Leonardo Rodriguez,25109.5,1,MNQ,-248.5,109.5
558,Matheus Felipe,25093.5,23,"MNQ, MGC",0.0,93.5
559,Liubov G.,25074.25,23,"ES, MGC",0.0,74.25
560,Enzian,25073.5,34,"MGC, MNQ",0.0,73.5
561,AnnaV,25068.0,8,MNQ,0.0,68.0
562,dsmart,25066.5,4,"MNQ, MYM",0.0,66.5
563,Knight Trader,25066.25,4,MES,0.0,66.25
564,Sreenivas,25062.0,21,"MGC, GC",-3564.0,62.0
565,Philly333,25061.0,190,"SIL, MGC",-781.0,61.0
566,abdeladim raggani,25056.5,3,MNQ,0.0,56.5
567,Marco C,25053.0,7,"ES, MNQ",-875.0,53.0
568,Nathan,25050.0,5,CL,-4200.0,50.0
569,marsram,25048.75,12,MES,0.0,48.75
570,Flonny,25047.0,6,"MBT, M6E",0.0,47.0
571,macman,25046.0,10,MGC,0.0,46.0
572,thaddydady,25041.15,6,"MES, 6E",-258.75,41.15
573,Erald,25040.5,122,"MNQ, MGC",1491.0,40.5
574,Monisha,25037.5,3,"ES, ZS",112.5,37.5
575,Mohamed Hussien,25037.5,1,ES,37.5,37.5
576,roblesh,25035.5,10,MNQ,0.0,35.5
577,Hungyi,25033.5,6,MNQ,-1491.0,33.5
578,BPWYss,25026.0,13,MGC,0.0,26.0
579,Stefano,25023.0,2,MGC,0.0,23.0
580,Dhruv Damidi,25016.0,6,MNQ,0.0,16.0
581,LeveragedLoony,25012.5,1,ES,-875.0,12.5
582,Ram,25012.0,3,MNQ,0.0,12.0
583,Kal03,25007.08,17,"MNQ, ES",0.0,7.08
584,abdullalelo,25007.05,40,"SIL, MGC",-8790.0,7.05
585,Dan Long,25003.0,2,MBT,0.0,3.0
586,Oliveya,25000.0,2,CL,0.0,0.0
587,SUE B,24999.55,2,MET,0.0,-0.45
588,MycAarav,24999.0,2,MNQ,0.0,-1.0
589,MikeRR,24999.0,2,MNQ,0.0,-1.0
590,Dineshz001,24994.5,14,"MNQ, MES",0.0,-5.5
591,justheretolearn,24993.0,34,MBT,0.0,-7.0
592,driver501,24990.5,6,MBT,0.0,-9.5
593,DMarti,24990.0,2,"HE, LE",1600.0,-10.0
594,Kasper9219,24987.0,26,MNQ,0.0,-13.0
595,luu,24986.0,1,MNQ,497.0,-14.0
596,Pops,24985.0,2,MNQ,0.0,-15.0
597,zhenliya,24985.0,2,6A,0.0,-15.0
598,Train1234,24975.0,4,ES,0.0,-25.0
599,Nabil @gotluckier,24975.0,8,SIL,0.0,-25.0
600,SimpHater69,24962.5,2,MES,0.0,-37.5
601,Avolpe,24962.5,1,ES,-37.5,-37.5
602,ticknor,24956.25,1,MES,86.25,-43.75
603,Huksta27,24953.0,2,MNQ,0.0,-47.0
604,Jimbob,24950.0,1,MNQ,-1242.5,-50.0
605,Vishnu,24948.0,6,MGC,0.0,-52.0
606,CatalystParita,24935.0,6,MNQ,0.0,-65.0
607,Donniko,24931.0,59,"MNQ, ES",0.0,-69.0
608,SabinaSuleyman,24930.0,32,"MYM, MNQ",0.0,-70.0
609,LeNa8,24925.0,5,"6E, 6A",0.0,-75.0
610,Gcon8,24910.5,2,"ES, MCL",-89.5,-89.5
611,Kunal Hanji,24892.0,11,"MGC, MBT",0.0,-108.0
612,Ivander Wilson,24891.0,7,"MNQ, MGC",-1890.5,-109.0
613,bayrka,24890.0,1,MGC,2916.0,-110.0
614,asok,24878.5,2,MNQ,0.0,-121.5
615,Truman,24878.0,1,MGC,324.0,-122.0
616,BreTrades,24875.0,28,ES,0.0,-125.0
617,roland,24872.5,1,MES,-172.5,-127.5
618,Aryan Kumar,24871.85,5,"ES, ZW",-328.15,-128.15
619,Arseniy Karpyn,24859.5,5,MNQ,1491.0,-140.5
620,Trader AK,24857.35,10,"MNQ, MET",-1739.5,-142.65
621,mohamed ,24855.5,12,MNQ,-570.5,-144.5
622,SW69420,24854.5,69,"SIL, MGC",-8790.0,-145.5
623,EMPEROR KLUIVERT,24852.5,7,MBT,0.0,-147.5
624,Lethabo,24847.5,12,"MGC, MNQ",0.0,-152.5
625,Abir Hussen ,24843.75,2,6E,0.0,-156.25
626,Garfield,24843.0,12,"MGC, ES",100.0,-157.0
627,XxSliceNDicexX,24838.0,2,MGC,-1296.0,-162.0
628,CK Trading,24832.5,24,"MGC, 6J",71.25,-167.5
629,Ted Collins,24830.0,16,MES,0.0,-170.0
630,TK,24828.5,22,"ES, MNQ",577.5,-171.5
631,mng,24828.0,36,"SIL, NG",-4028.0,-172.0
632,NABIL777,24824.0,16,MGC,2916.0,-176.0
633,Johnnylars,24815.5,23,"MHG, SIL",5860.0,-184.5
634,Varun,24812.5,2,ES,0.0,-187.5
635,LeviWhall,24800.0,1,CL,0.0,-200.0
636,DerDujma,24800.0,3,ES,875.0,-200.0
637,Mpho,24787.5,2,ES,0.0,-212.5
638,Ricardo Sifuentez,24784.59,5,"NIY, MNQ",-1329.79,-215.42
639,Mortred ,24784.0,6,"MGC, MES",1263.0,-216.0
640,BlackandBluesNYC,24783.5,25,"SIL, MNQ",8790.0,-216.5
641,tzuchen,24773.25,188,"SIL, MGC",-3140.0,-226.75
642,Mrjar,24764.5,21,"MNQ, MES",0.0,-235.5
643,Shabazz Bagman,24762.5,4,ES,0.0,-237.5
644,AkbarTheTrader,24760.0,32,"SIL, MGC",-1644.5,-240.0
645,Bolard,24760.0,83,"MYM, MGC",509.0,-240.0
646,stratma1079,24759.25,14,"MES, MNG",0.0,-240.75
647,WillMora,24741.0,7,"MBT, MGC",-314.0,-259.0
648,Paul E,24726.5,10,"CL, MGC",0.0,-273.5
649,ATILA TASSO,24723.13,46,"NIY, MNQ",530.0,-276.87
650,Roodawg,24715.0,4,MGC,0.0,-285.0
651,Maxtrader,24712.5,4,ES,-875.0,-287.5
652,RobertJAnsani,24710.7,14,"MGC, MBT",-1447.3,-289.3
653,GC,24683.25,13,"MES, ES",248.5,-316.75
654,HE,24677.5,19,MNQ,0.0,-322.5
655,Lucio Flores,24671.5,133,MNQ,127.5,-328.5
656,erik lopez germosen,24665.5,251,"MES, MNQ",478.75,-334.5
657,Sampadjudo,24662.5,1,ES,-875.0,-337.5
658,"Covfefe Capital, LP.",24661.2,58,"MNQ, MBT",-3960.0,-338.8
659,Brody C.,24653.15,34,"MGC, ES",0.0,-346.85
660,Harry Howard,24650.0,18,BZ,6580.0,-350.0
661,Arturo Aguirre,24645.0,1,YM,535.0,-355.0
662,Andi,24642.05,7,"MBT, MGC",403.75,-357.95
663,Kaky,24637.5,87,ES,-612.5,-362.5
664,Bee,24632.0,13,MNQ,0.0,-368.0
665,brrrrrrrr,24622.5,11,"PL, HG",0.0,-377.5
666,CarolinaBoys,24616.7,5,"MET, MGC",-235.35,-383.3
667,Grasshopper,24616.25,23,"MGC, MES",-351.75,-383.75
668,Sa,24614.0,29,"HG, MGC",-3240.0,-386.0
669,Prashant,24613.0,7,MGC,2592.0,-387.0
670,Nanu_Jaanu,24612.5,7,"MGC, MBT",8790.0,-387.5
671,biff,24605.0,6,MGC,0.0,-395.0
672,Mauro,24603.25,74,"MGC, MES",509.25,-396.75
673,Lalit001,24600.5,1,MBT,-688.5,-399.5
674,Patience Fuglo,24594.0,11,MNQ,243.5,-406.0
675,Jimian,24590.5,3,"MGC, MNQ",-248.5,-409.5
676,Moba,24575.0,2,ES,0.0,-425.0
677,yasurfer,24575.0,17,ES,0.0,-425.0
678,skim137,24575.0,6,"6A, HG",0.0,-425.0
679,Kudzai Machera,24562.2,18,"MBT, MET",192.0,-437.8
680,Elvina12,24549.0,7,"MGC, MHG",-276.0,-451.0
681,DavidMadrid,24538.0,5,"YM, MYM",-535.0,-462.0
682,Jonah ,24537.5,12,ES,-825.0,-462.5
683,simba,24537.5,8,ES,0.0,-462.5
684,Nolan hurtado,24516.25,17,"LE, MYM",-2889.5,-483.75
685,ADITYA PRATAP SINGH,24500.0,2,CL,0.0,-500.0
686,Michael Williamson III,24494.0,19,"MNQ, MGC",0.0,-506.0
687,Flyer_Jiang,24490.0,2,MGC,-1944.0,-510.0
688,Francisco Matilla,24482.5,11,"SIL, ES",-14650.0,-517.5
689,Derp,24471.0,8,"NQ, MNQ",0.0,-529.0
690,Husen Mutaqin Technical Analisis ,24470.0,3,MGC,-324.0,-530.0
691,Kailash,24466.61,32,"MGC, MNQ",0.0,-533.39
692,MartinMoteme,24458.0,6,MBT,-749.5,-542.0
693,Bobby,24453.5,16,"MNQ, MGC",-11720.0,-546.5
694,tdmtrader,24442.25,2,"MNQ, MES",-1577.25,-557.75
695,Sugandh ,24440.0,5,"NG, CL",-4740.0,-560.0
696,Heath ,24437.5,1,MES,-431.25,-562.5
697,Taoufiqua,24437.5,9,ES,875.0,-562.5
698,EDGARADEL,24402.0,3,"MYM, MNQ",-248.5,-598.0
699,elliottkb,24400.0,1,ES,-875.0,-600.0
700,scorpio,24395.0,2,"GF, LE",-14857.5,-605.0
701,Gounch88,24387.5,11,ES,-875.0,-612.5
702,OldScoolPickleball,24370.0,6,MGC,-866.0,-630.0
703,Matthew Babich,24361.0,16,"MBT, MNQ",0.0,-639.0
704,HandleHunter,24360.56,303,"MNQ, MGC",-1739.5,-639.44
705,GeraldS,24360.5,11,"MES, MYM",-262.5,-639.5
706,PSaR,24357.5,1,MNQ,-248.5,-642.5
707,Chhatrapal verma,24349.5,5,"MBT, CL",-3950.0,-650.5
708,Kemzee06,24345.5,81,"MNQ, CL",160.5,-654.5
709,Adrien Dao,24343.0,20,"MBT, ES",0.0,-657.0
710,Trey Mack,24337.5,4,ES,0.0,-662.5
711,Rajvir mishra,24325.0,12,6E,0.0,-675.0
712,chicobass,24320.0,15,"NG, 6B",125.0,-680.0
713,SEVILLA,24304.5,54,"MNQ, CL",-4277.0,-695.5
714,Md Imran Ali,24297.5,7,MNQ,0.0,-702.5
715,Kaptin,24294.25,28,"MGC, MES",-139.5,-705.75
716,Hame ,24288.0,17,"HG, MGC",-3240.0,-712.0
717,Marco Mutti,24282.5,3,MES,-776.25,-717.5
718,ching,24277.32,137,"MHG, NG",-57.51,-722.68
719,Mr.JT,24263.75,274,"SIL, MHG",-470.0,-736.25
720,Mike Robinson,24260.0,7,"ZC, PL",-4717.5,-740.0
721,winner,24258.0,1,MGC,2916.0,-742.0
722,ewen,24256.25,17,"6E, NG",325.0,-743.75
723,Mr_B,24250.0,46,ES,-875.0,-750.0
724,AvinTrdBug,24249.75,6,"MBT, TN",-2495.25,-750.25
725,Ansh,24245.37,52,"NG, SIL",5860.0,-754.63
726,steveerdman,24240.0,38,"MNQ, CL",0.0,-760.0
727,WXL,24239.0,12,"MGC, CL",7110.0,-761.0
728,Lazlo,24237.5,2,ES,0.0,-762.5
729,EUR,24225.0,20,6E,781.25,-775.0
730,Simakov,24212.5,1,ES,-875.0,-787.5
731,Renauld,24201.25,3,"MES, ES",-875.0,-798.75
732,GB,24185.0,23,"ES, SIL",-2930.0,-815.0
733,kac258,24179.0,12,MGC,0.0,-821.0
734,TraderThomasServo,24160.0,129,"SIL, MGC",-10516.5,-840.0
735,Don8888,24158.5,67,"MNQ, CL",-724.5,-841.5
736,alok,24125.0,1,6E,-962.5,-875.0
737,jae,24104.55,13,"6J, MET",76.5,-895.45
738,Trader01,24103.0,28,"ES, MNQ",-1573.0,-897.0
739,RHTrading,24101.78,29,"MNQ, MGC",0.0,-898.22
740,HOMER,24100.0,26,CL,-1680.0,-900.0
741,DylanBeddington,24096.5,3,"MNQ, MBT",-98.5,-903.5
742,traderwow,24079.5,158,"MES, MNQ",-1236.0,-920.5
743,rrahimim,24064.8,21,"NG, MGC",-11720.0,-935.2
744,Oliver Spiby,24055.0,15,"NG, SIL",-11720.0,-945.0
745,Corey,24052.5,40,MNQ,678.0,-947.5
746,Alexious,24046.0,20,"MNQ, MGC",375.0,-954.0
747,LucidTrader,24042.25,20,"MNQ, MES",-1148.75,-957.75
748,rvert,24026.25,6,"MES, CL",603.5,-973.75
749,CJ Cord,24020.5,2,"MYM, YM",-641.0,-979.5
750,Shwetha,24014.5,8,"ALI, MHG",-182.25,-985.5
751,PriceProphet,24012.5,11,"MNQ, MGC",648.0,-987.5
752,b1y,24007.9,16,"M2K, MNQ",-1770.0,-992.1
753,Shekhar ,24005.5,38,"MNQ, MES",0.0,-994.5
754,GreyhoundTrader,23987.5,24,ES,-737.5,-1012.5
755,Dellmar,23980.0,1,CL,-1580.0,-1020.0
756,TraderJay,23975.0,8,SIL,0.0,-1025.0
757,Mohammad,23968.75,4,6E,0.0,-1031.25
758,BDToro,23959.0,14,"MES, ES",0.0,-1041.0
759,Tradingfox,23940.0,3,MGC,-1060.0,-1060.0
760,Juliann Cicco,23929.5,23,MNQ,-1242.5,-1070.5
761,Jesus-is-returning,23927.43,86,"ES, SIL",-2193.75,-1072.57
762,NateW,23918.0,14,"ES, MBT",-875.0,-1082.0
763,Hiyellow09,23902.5,14,"E7, ZS",250.0,-1097.5
764,Fun Bobby,23900.0,1,ES,-875.0,-1100.0
765,BATMAN,23894.5,57,"MGC, MNQ",0.0,-1105.5
766,Vishnu G,23887.5,24,"RTY, ES",0.0,-1112.5
767,Camilo_Investment,23883.0,4,MGC,0.0,-1117.0
768,JimLNg,23869.5,6,"MNQ, SIL",8790.0,-1130.5
769,Abdulaziz,23866.5,15,MNQ,0.0,-1133.5
770,Priknampra,23852.0,28,"MGC, GC",0.0,-1148.0
771,daytrade98,23820.25,11,"SIL, MNG",-5955.25,-1179.75
772,Amos chikaeze,23806.25,4,6B,0.0,-1193.75
773,R. CHALLMAN,23787.7,47,"SIL, MES",0.0,-1212.3
774,TradeTRickster,23777.5,3,"MES, ES",-875.0,-1222.5
775,NihilSineDeoJesusSpirituSanti,23775.0,1,ES,-875.0,-1225.0
776,Shauninvests,23762.5,87,ES,0.0,-1237.5
777,JesseGo,23762.5,3,"MBT, MGC",1926.0,-1237.5
778,Pinaki,23760.0,3,"MGC, GC",-3240.0,-1240.0
779,MRT,23737.5,4,ES,0.0,-1262.5
780,Sabo,23727.43,22,"MGC, RB",-3870.49,-1272.57
781,INK_Templar8484,23721.0,4,"MNQ, MGC",-420.0,-1279.0
782,Melvin,23711.5,399,"SIL, MGC",-8790.0,-1288.5
783,Rakesh,23675.5,7,"MNQ, MGC",-324.0,-1324.5
784,It's Dawn,23665.25,58,"MGC, SIL",0.0,-1334.75
785,DeanJ,23664.0,22,"SIL, CL",-986.0,-1336.0
786,SamuelSWallace21,23654.75,46,"SIL, CL",270.0,-1345.25
787,Update,23625.0,5,ES,875.0,-1375.0
788,JoeyG,23623.3,27,"MBT, NG",-1900.0,-1376.7
789,BestTrade,23617.5,15,"MGC, MNQ",2592.0,-1382.5
790,Ray Dalio,23614.7,8,"1OZ, MGC",-794.25,-1385.3
791,Diab Soule,23613.95,87,"SIL, MBT",-345.15,-1386.05
792,FT-Steve,23597.0,40,"MNQ, HG",707.0,-1403.0
793,RemPet,23586.5,39,"MNQ, SIL",-828.5,-1413.5
794,Silver,23580.0,4,MGC,-4129.0,-1420.0
795,DL Vehlow,23557.5,12,"MYM, MES",-2472.5,-1442.5
796,Saahil Dey (Vishal),23556.0,9,"MGC, SIL",-1620.0,-1444.0
797,Suraj,23528.0,53,"CL, MGC",0.0,-1472.0
798,Dahippie,23512.0,12,MGC,0.0,-1488.0
799,Mr.X,23502.0,10,"MGC, SIL",-1790.0,-1498.0
800,Amritfx,23490.0,5,CL,1580.0,-1510.0
801,C. Scott Kelly,23483.4,6,"RB, 6M",560.0,-1516.6
802,twitter_FNB_options,23475.0,1,ES,875.0,-1525.0
803,docnose,23452.23,3,"MNI, NIY",-2218.31,-1547.77
804,Noshairwan,23440.5,10,"MNQ, YM",-1547.54,-1559.5
805,Kaizen Trades,23412.0,16,"SIL, MGC",2770.0,-1588.0
806,John c lanaro,23385.7,36,"MGC, MHG",-387.75,-1614.3
807,Greed,23382.0,12,"SIL, MGC",-6508.0,-1618.0
808,Alexander,23382.0,57,"SIL, NG",-2297.0,-1618.0
809,amu,23370.0,1,CL,800.0,-1630.0
810,iysher,23360.0,2,SIL,-8790.0,-1640.0
811,Jamrock Trading,23327.0,4,MNQ,-1491.0,-1673.0
812,San,23291.5,45,"SIL, MNQ",-8790.0,-1708.5
813,John Vale,23284.0,3,MNQ,-1491.0,-1716.0
814,0xCYBORG,23276.0,9,MGC,-2916.0,-1724.0
815,Mato ,23270.6,64,"PA, HO",-3192.5,-1729.4
816,Pupette,23262.5,129,"MES, ES",-276.25,-1737.5
817,Bilal Rmaili,23250.0,29,"MGC, MNQ",1242.5,-1750.0
818,JTRADES7,23226.0,1,MNQ,-994.0,-1774.0
819,Marcos Comba,23222.0,139,"MGC, SIL",-711.5,-1778.0
820,The Cliffton Santiago,23219.0,1,MBT,-765.0,-1781.0
821,sss,23204.75,68,"SIL, MNQ",-753.25,-1795.25
822,Enrique Montiel,23183.5,13,MNQ,-1739.5,-1816.5
823,Magneticdude23,23180.77,67,"MNQ, MES",-894.13,-1819.23
824,evandersen,23180.0,4,"6E, M6A",-858.0,-1820.0
825,Gulshana Bano,23118.0,21,"MGC, GC",-8790.0,-1882.0
826,RKh,23072.5,4,"6E, MGC",-2137.0,-1927.5
827,vedansh,23070.0,22,"MCL, NG",2820.0,-1930.0
828,Senescu11,23066.5,17,MNQ,-197.5,-1933.5
829,MAGNVS,23024.88,22,"HG, MNQ",0.0,-1975.12
830,Drumar,23016.0,7,"MNQ, MGC",0.0,-1984.0
831,Saudin,23004.5,22,MNQ,-1739.5,-1995.5
832,Winner55555,23004.25,27,"MES, MNQ",1491.0,-1995.75
833,OGwizard,23003.0,16,"MGC, MNQ",0.0,-1997.0
834,PK,22964.0,112,"SIL, MNQ",79.0,-2036.0
835,Yash Soni,22961.5,7,"MGC, 6E",-3647.5,-2038.5
836,gold to the moon,22937.75,22,"MGC, ZL",-2268.0,-2062.25
837,Tina,22927.25,28,"ES, MES",-1925.5,-2072.75
838,Massy69,22843.75,12,"SIL, 6E",3211.75,-2156.25
839,KRiSh,22843.75,4,"6E, 6J",-1000.0,-2156.25
840,AverriWealth,22800.0,2,PA,0.0,-2200.0
841,BobC,22797.5,17,"SIL, MNQ",0.0,-2202.5
842,Z4ch,22797.5,8,"PL, NG",0.0,-2202.5
843,DDDWWW,22777.0,8,"GF, MGC",0.0,-2223.0
844,P_Tay,22757.09,135,"GF, SIL",16451.09,-2242.91
845,Momentum Fortuna,22756.5,24,"MNQ, MGC",-1815.0,-2243.5
846,Art88,22751.0,15,"SIL, ZS",-7370.0,-2249.0
847,Hambone,22728.2,16,"NG, SIL",-1507.0,-2271.8
848,Isaac,22718.5,1,MNQ,-1242.5,-2281.5
849,Vinayak Raju Shinde,22699.5,47,"SIL, MGC",-3240.0,-2300.5
850,Stephanie,22694.89,84,"MCL, MES",-878.75,-2305.11
851,HayWhy,22681.5,13,"MNQ, 6E",-1242.5,-2318.5
852,Arthur Dumisani Mqwa,22676.5,26,"MBT, 6B",-468.75,-2323.5
853,Vijayshri,22670.5,5,"SIL, MNQ",8790.0,-2329.5
854,Chip,22650.0,1,CL,-3160.0,-2350.0
855,ILJ,22611.5,3,"SIL, NG",4044.5,-2388.5
856,Ajay,22571.8,9,"MNQ, MNI",-1370.54,-2428.2
857,DGarrett091,22570.0,2,CL,0.0,-2430.0
858,jiuorio,22567.25,26,"MBT, MES",0.0,-2432.75
859,MedbiC,22559.5,24,"MGC, MNQ",-2916.0,-2440.5
860,Kingtrader,22546.5,3,"SIL, MNQ",-1491.0,-2453.5
861,JK,22540.25,10,"MBT, PL",-1054.25,-2459.75
862,VINCEfx,22535.0,32,MGC,-3240.0,-2465.0
863,Nyoko5,22506.6,8,"ES, MES",-1491.53,-2493.4
864,SNERGY,22441.0,58,"SIL, MGC",0.0,-2559.0
865,LIONKING1,22374.0,1,MNQ,-1491.0,-2626.0
866,Ken Newsome,22361.15,20,"MNQ, MYM",-1739.5,-2638.85
867,KHR4621,22358.5,1,MNQ,-1491.0,-2641.5
868,Homayoun Shahnazari,22351.5,6,"MGC, 6E",-2415.0,-2648.5
869,Jacovaci,22339.22,106,"NG, SI",-9420.0,-2660.78
870,Tesh,22326.5,1,MBT,765.0,-2673.5
871,Jamie,22317.5,11,"MGC, MYM",-2916.0,-2682.5
872,AV,22300.5,22,"SIL, 1OZ",-2930.0,-2699.5
873,glaks,22257.5,13,"SIL, MGC",-2930.0,-2742.5
874,Yeshua Be with Me,22250.0,47,ES,875.0,-2750.0
875,Robert Vasiu,22250.0,1,SIL,2930.0,-2750.0
876,Alex,22247.4,2,"RB, NG",-2349.0,-2752.6
877,magnea,22228.0,2,"MNQ, M2K",1148.0,-2772.0
878,Gawdzlla,22210.0,28,CL,0.0,-2790.0
879,FMGJFISH,22138.0,14,"MGC, NG",0.0,-2862.0
880,K.Jasir,22126.0,7,"CL, MNG",2090.0,-2874.0
881,Tina K,22121.0,16,"NG, MNG",-10047.5,-2879.0
882,Yenno_2002,22063.75,20,"MGC, CL",-4740.0,-2936.25
883,Feather Lili,22050.75,5,"6E, MGC",-1946.0,-2949.25
884,Smitty Boy,21958.5,24,"SIL, MNQ",0.0,-3041.5
885,Namwendwa,21924.99,10,"6J, NIY",0.0,-3075.01
886,Ghost,21920.25,29,"MGC, MHG",0.0,-3079.75
887,Jose01,21920.0,9,CL,480.0,-3080.0
888,Bobkat7603,21920.0,13,"MES, MNQ",776.25,-3080.0
889,Leopoldo,21867.0,5,MGC,2916.0,-3133.0
890,Bigman,21773.5,1,MNQ,-1242.5,-3226.5
891,Gexpulse,21756.0,105,"MNQ, SIL",-3756.0,-3244.0
892,JRG6362,21740.0,241,"MES, ES",621.25,-3260.0
893,Arnold,21687.0,2,"HG, MNQ",-2336.0,-3313.0
894,fhov,21665.83,34,"MGC, SIL",-4328.0,-3334.17
895,FBGM,21660.0,1,SIL,2930.0,-3340.0
896,Jayesh,21659.14,27,"MNG, MES",-6507.99,-3340.86
897,Stephen,21635.0,12,"SIL, MGC",-994.0,-3365.0
898,Abhay Rathore,21620.2,6,"BFF, MGC",4813.1,-3379.8
899,bvol,21596.26,11,"CL, MGC",-2202.75,-3403.74
900,GambeR,21550.0,6,ES,0.0,-3450.0
901,RochRonaldo,21532.0,79,"CL, NG",-650.0,-3468.0
902,AmirV,21529.0,343,"SIL, MGC",-8125.0,-3471.0
903,Smithy1972,21477.0,154,"MGC, GC",0.0,-3523.0
904,Ali 2.0,21444.0,2,MGC,-2916.0,-3556.0
905,José Luis Herrera,21416.96,55,"MNG, E7",-2425.0,-3583.04
906,Raffin,21368.0,4,"MCL, PL",-1134.5,-3632.0
907,Paul H,21356.0,34,"CL, MGC",0.0,-3644.0
908,Rui EXE,21350.2,1,RB,-3549.0,-3649.8
909,beat the beast,21350.0,6,"MCL, CL",-3776.0,-3650.0
910,Joe,21280.0,1,CL,-4740.0,-3720.0
911,Marcelo,21268.5,10,"ES, PA",1423.5,-3731.5
912,Dan_C,21253.75,40,MES,140.0,-3746.25
913,Ketaan R,21235.0,46,SIL,-8790.0,-3765.0
914,Marlon Mcknight,21225.0,2,ES,0.0,-3775.0
915,Theodore McIntosh,21183.5,2,MBT,688.5,-3816.5
916,Tickersymbol,21170.0,5,"CL, SIL",8790.0,-3830.0
917,Shash_07,21151.0,3,"MGC, SIL",-1978.0,-3849.0
918,odymx,21123.19,124,"MGC, 1OZ",-6455.0,-3876.81
919,kennybenny,21105.0,2,SIL,0.0,-3895.0
920,Hatb7274,21102.5,6,"HG, 6E",-3990.0,-3897.5
921,Harley2007,21087.5,44,"MGC, PL",0.0,-3912.5
922,RichPortTrader,21062.0,121,"MGC, MNQ",-2592.0,-3938.0
923,BenzP,21007.0,6,"ZL, ZC",1526.0,-3993.0
924,Ashton,20982.5,1,MBT,765.0,-4017.5
925,mb_vaLight,20976.5,227,"MGC, MYM",-511.5,-4023.5
926,Rjday1,20950.25,49,"SIL, YM",0.0,-4049.75
927,Angelita,20950.0,31,"SIL, MNQ",0.0,-4050.0
928,vermasumit388,20940.0,9,"NG, YM",-5860.0,-4060.0
929,Lyudmil Valkov,20930.0,1,BZ,-2820.0,-4070.0
930,CHRISTISKING,20898.25,192,"SIL, MNQ",-1491.0,-4101.75
931,Runtao,20894.0,9,"MYM, MNQ",-250.0,-4106.0
932,Atw,20879.0,2,MGC,2916.0,-4121.0
933,TW nicky,20840.5,5,"HG, SIL",5798.0,-4159.5
934,Mohie,20839.0,1,MBT,765.0,-4161.0
935,Always Sticks Rollo Dicks,20823.5,7,"NG, 6B",161.0,-4176.5
936,Buckeyes,20816.0,207,"MGC, SIL",-4675.0,-4184.0
937,Saurabh Das,20815.0,13,SIL,17580.0,-4185.0
938,H1MM4T,20806.39,66,"ES, RTY",-4093.61,-4193.61
939,David Morgado,20775.25,16,"MNQ, MES",0.0,-4224.75
940,Runatrader,20745.0,3,"PA, SIL",2930.0,-4255.0
941,TraderJohnny,20722.5,4,"ES, NG",-470.0,-4277.5
942,Gustavo Guerrero,20714.0,1,MGC,2592.0,-4286.0
943,makoto,20665.0,2,MGC,-2916.0,-4335.0
944,Michaeltp25,20583.0,6,"MHG, M2K",8790.0,-4417.0
945,markuss,20577.5,10,"MNQ, MGC",2592.0,-4422.5
946,Trinabh Mandal,20574.9,33,"NG, HG",-262.0,-4425.1
947,AMRIT GURUNG,20570.0,4,MNQ,-2490.0,-4430.0
948,Dilip,20554.0,5,MGC,0.0,-4446.0
949,UA,20525.0,20,SIL,11720.0,-4475.0
950,Baptval,20523.41,53,"SIL, NG",-8790.0,-4476.59
951,akshay,20490.5,23,"MGC, CL",-975.0,-4509.5
952,sh123,20477.0,13,"MGC, SIL",-9438.0,-4523.0
953,Lucaspstrader,20436.0,5,MGC,2916.0,-4564.0
954,JInka,20345.19,11,"6E, SR3",-1467.25,-4654.81
955,DINO,20330.0,87,"SIL, NG",-1705.0,-4670.0
956,RellNC,20285.75,200,"MNQ, 6E",503.75,-4714.25
957,Abyan Shah,20275.25,68,"SIL, MGC",0.0,-4724.75
958,fishmon,20216.0,109,"YM, CL",-489.0,-4784.0
959,Pushaw Trader,20204.25,4,"CL, MBT",-1116.13,-4795.75
960,Mike,20140.0,1,SIL,5860.0,-4860.0
961,AMGC6.3,20118.0,127,"SIL, MGC",3175.0,-4882.0
962,Sandy_A,20117.05,17,"MGC, PL",-3302.8,-4882.95
963,thetaxracer,20081.5,687,"SIL, MGC",-4934.0,-4918.5
964,freefall,20054.65,6,"CL, SIL",3372.25,-4945.35
965,SurfKona,20022.0,13,"MGC, 6C",-3240.0,-4978.0
966,pchaus,20000.0,5,"ZW, NG",-1460.0,-5000.0
967,Abhishek Dhaka,19905.2,25,"NG, SIL",2930.0,-5094.8
968,s7penguin,19857.25,6,"1OZ, ES",3215.75,-5142.75
969,mommabuLL,19840.0,23,"SIL, CL",8790.0,-5160.0
970,Stone Pyne,19800.8,20,"M2K, MET",6179.0,-5199.2
971,petarkucio,19700.0,1,SIL,5860.0,-5300.0
972,swati,19687.5,7,"SIL, ES",8790.0,-5312.5
973,Be:hira,19588.0,57,"SIL, MGC",-14650.0,-5412.0
974,TradeHawk,19570.75,9,"MES, ZC",526.5,-5429.25
975,Trick or Trade,19510.0,41,"MES, MGC",-11720.0,-5490.0
976,FantaV,19494.5,11,"SIL, MBT",-2750.0,-5505.5
977,bilaldz,19479.0,6,MGC,-2916.0,-5521.0
978,bearman305,19352.5,82,"SIL, NG",-8380.0,-5647.5
979,Nathanael,19320.0,13,"PL, ES",-2355.0,-5680.0
980,DexCrypto,19297.0,4,MGC,-2268.0,-5703.0
981,DLY,19190.0,4,SIL,-5860.0,-5810.0
982,FunkyDopeAB,19160.0,4,"ES, SIL",8790.0,-5840.0
983,huelabicho 0369,19107.5,128,"ES, SIL",-1005.0,-5892.5
984,Roy Shaa,19067.5,107,"SIL, MGC",-8790.0,-5932.5
985,Traderjoe1,19050.0,15,"GF, CL",431.25,-5950.0
986,D1,19025.0,4,SIL,0.0,-5975.0
987,C09P22,19010.0,130,"SIL, SI",-8790.0,-5990.0
988,Vishu369mishra,18986.5,46,"MHG, MBT",8790.0,-6013.5
989,philxdaegu,18965.0,9,"MHG, PL",1606.25,-6035.0
990,Go Long Dude,18910.0,2,PL,-4710.0,-6090.0
991,ittonycash,18872.5,6,"M2K, RTY",-270.0,-6127.5
992,himanshu mishra,18865.5,187,"MGC, MBT",0.0,-6134.5
993,ThaDa,18817.88,14,"MNQ, SIL",8790.0,-6182.12
994,Kabyle06,18804.0,9,"MNQ, 6E",-4379.0,-6196.0
995,Lossman,18770.0,6,"PL, NG",0.0,-6230.0
996,Bnv,18757.63,93,"SIL, MGC",-6592.0,-6242.37
997,feez 300,18754.5,65,"MNQ, MGC",0.0,-6245.5
998,Jon Sinn,18727.75,35,"MNQ, MES",-118.75,-6272.25
999,Tryf104,18688.5,13,"SIL, ES",2930.0,-6311.5
1000,Silicon Farmboy,18635.95,11,"MHG, NG",-382.5,-6364.05
1001,vishw045,18448.25,18,"GF, LE",-987.5,-6551.75
1002,pjm860,18360.0,13,"MBT, MES",-994.0,-6640.0
1003,cdc285,18347.5,33,"MHG, HG",7530.0,-6652.5
1004,Oliver Alessandro Cervoni,18237.5,5,"CL, MES",-3599.25,-6762.5
1005,rene234,18186.0,2,"RTY, M2K",-243.0,-6814.0
1006,Jason716,18162.93,313,"MNQ, MGC",-1242.5,-6837.07
1007,Scott York,18121.0,23,"SIL, MGC",-8541.5,-6879.0
1008,UB ECHO,17938.29,259,"SIL, SI",-11720.0,-7061.71
1009,trade,17910.75,52,"SIL, 1OZ",8790.0,-7089.25
1010,Leverage,17910.67,4,"NIY, NG",-1167.54,-7089.33
1011,GirthyMink,17894.0,35,"SIL, MGC",14185.0,-7106.0
1012,I WIN,17724.25,148,"SIL, MGC",-2207.5,-7275.75
1013,E-TRAIN,17439.0,43,"SIL, MNQ",0.0,-7561.0
1014,Spartan,17414.0,42,"SIL, MGC",0.0,-7586.0
1015,Choi Daniel,17408.75,14,"MHG, HG",-4175.0,-7591.25
1016,bawben90,17375.0,3,"ALI, ZQ",-3225.0,-7625.0
1017,Jake,17361.0,42,"MBT, MES",-7250.0,-7639.0
1018,Matthias,17319.5,10,"SIL, MNQ",8790.0,-7680.5
1019,Wakalukong,17310.0,4,"MGC, SIL",6508.0,-7690.0
1020,Annaya,17220.0,27,"MGC, SIL",7292.5,-7780.0
1021,hotrod23,17125.5,147,"MNQ, SIL",8790.0,-7874.5
1022,CKoeppl20,17110.0,10,NG,-5040.0,-7890.0
1023,Grouse,17085.0,1,SIL,2930.0,-7915.0
1024,LilMgee,16959.5,14,"MGC, CL",0.0,-8040.5
1025,Sicard,16935.5,21,"ZC, GF",1174.5,-8064.5
1026,Team Eire,16760.0,1,NG,-5040.0,-8240.0
1027,Frobert,16717.5,3,"1OZ, HG",-4238.5,-8282.5
1028,Ocean6,16645.0,5,SIL,5860.0,-8355.0
1029,kafilnov25,16641.0,37,"CL, SIL",-8820.0,-8359.0
1030,Agent47,16611.0,9,"NG, PL",-5860.0,-8389.0
1031,Yael,16610.0,361,"MNQ, SIL",-31.75,-8390.0
1032,ceft,16605.0,2,PL,-4710.0,-8395.0
1033,Joe ceballos,16601.0,14,"SIL, MGC",0.0,-8399.0
1034,JNG10,16600.0,1,NG,-6300.0,-8400.0
1035,Guana,16561.5,8,"NG, MNG",11720.0,-8438.5
1036,Raybands,16545.0,97,SIL,8790.0,-8455.0
1037,Fat Pig,16446.8,9,"SIL, HO",-11720.0,-8553.2
1038,saucerunner,16398.0,152,"6J, PL",0.0,-8602.0
1039,Richard Weissman,16321.0,4,"SIL, MGC",6508.0,-8679.0
1040,AyoubH,16260.0,8,CL,-4000.0,-8740.0
1041,Tommy Thang Tran,16193.75,6,"ALI, MGC",-3578.0,-8806.25
1042,1topticktrader,16161.5,68,"MNQ, SIL",-215.0,-8838.5
1043,Marcus Aurelius,16120.0,5,"SIL, MGC",14974.0,-8880.0
1044,Chakk,15997.5,21,"ES, SIL",-8790.0,-9002.5
1045,RobinaBank ,15740.75,115,"SIL, SI",-14368.5,-9259.25
1046,Nishant kumar,15699.5,33,"SIL, MGC",11720.0,-9300.5
1047,Overtimetrader,15551.66,11,"SIL, NG",-2990.0,-9448.34
1048,Shrinatha,15520.0,2,NG,-6300.0,-9480.0
1049,Aziiizkcl,15486.0,65,"SIL, MGC",220.0,-9514.0
1050,MES4Life,15440.75,24,"1OZ, MGC",1500.0,-9559.25
1051,Kcalb Selohcs,15434.75,20,"MGC, CL",-14160.0,-9565.25
1052,Aryan,15345.75,19,"MGC, MBT",8790.0,-9654.25
1053,Linda Carey,15304.75,37,"ZC, 6A",-75.0,-9695.25
1054,test_user,15089.5,6,"SIL, MHG",-39.5,-9910.5
1055,Jon,15010.0,3,"NG, SR3",-765.0,-9990.0
1056,Trebor8,14990.0,6,NG,-7560.0,-10010.0
1057,legend_wars,14990.0,15,"NG, 6J",-2239.25,-10010.0
1058,Nicolás Maduro,14955.0,25,"SIL, ZC",-3415.0,-10045.0
1059,EsxRaver190E,14953.0,45,"MGC, SIL",1620.0,-10047.0
1060,Quanyun,14860.0,10,SIL,11720.0,-10140.0
1061,GT,14852.5,43,"SIL, HG",11720.0,-10147.5
1062,Sunita devi,14628.59,69,"NG, SIL",2355.0,-10371.41
1063,BiasX,14521.45,57,"SIL, MBT",-5150.2,-10478.55
1064,Bizzle,14440.0,14,SIL,11720.0,-10560.0
1065,student211,14144.5,310,"SIL, MNQ",-3685.0,-10855.5
1066,Fibz,14045.0,10,SIL,8790.0,-10955.0
1067,Text,13895.0,12,"PA, HG",931.25,-11105.0
1068,HappySad,13677.0,49,"SIL, MGC",0.0,-11323.0
1069,Irina_ZINK,13668.0,49,"SIL, MGC",8790.0,-11332.0
1070,drjqool,13640.0,1,NG,-3290.0,-11360.0
1071,El Hani Sabry,13164.5,34,"SIL, MBT",0.0,-11835.5
1072,cedrick,13135.99,230,"SIL, MGC",-669.5,-11864.01
1073,Hans Moibi,13100.0,6,SIL,0.0,-11900.0
1074,Matheus,13092.5,8,"MHG, HG",-6008.75,-11907.5
1075,Coyne2000,12971.0,4,"MGC, SIL",6508.0,-12029.0
1076,newbie22,12970.0,12,CL,0.0,-12030.0
1077,Pratyush,12741.5,16,"MBT, SIL",8790.0,-12258.5
1078,MM,12696.37,58,"GF, LE",4262.5,-12303.63
1079,Drizzy,12645.0,3,SIL,8790.0,-12355.0
1080,Anmol soni,12558.0,127,"MGC, SIL",-325.0,-12442.0
1081,Amit,12490.0,1,SIL,8790.0,-12510.0
1082,Kumar Jakampudi Bharath,12367.0,8,"SIL, MBT",5860.0,-12633.0
1083,3milXalton,12310.0,9,"SIL, MNQ",8790.0,-12690.0
1084,horka,11986.0,2,"SIL, MNQ",9038.5,-13014.0
1085,One Piece,11973.5,74,"MGC, SIL",8790.0,-13026.5
1086,Sahil,11933.25,80,"SIL, MBT",-5860.0,-13066.75
1087,alex,11920.0,3,SIL,8790.0,-13080.0
1088,Nik44,11915.0,1,SIL,8790.0,-13085.0
1089,Ammi,11850.0,8,NG,0.0,-13150.0
1090,Buñuelo,11782.5,15,"NG, GF",5980.25,-13217.5
1091,schmoke,11770.0,3,"NG, SIL",11720.0,-13230.0
1092,FrEd Again,11517.5,5,"NG, MES",-3460.0,-13482.5
1093,adimari,11480.0,4,"SIL, MGC",9114.0,-13520.0
1094,Barney,11450.0,3,"KE, ZC",6450.0,-13550.0
1095,DataSorcerer,11321.0,22,"MNQ, NG",-6459.0,-13679.0
1096,Kagiem,11180.0,1,SIL,8790.0,-13820.0
1097,Bhanu67,11015.0,19,"SIL, HG",8790.0,-13985.0
1098,Scottyg,10955.0,1,SIL,8790.0,-14045.0
1099,kail-kull,10947.5,11,"SIL, MNQ",6228.0,-14052.5
1100,yp10,10872.0,46,"SIL, MGC",-5860.0,-14128.0
1101,arisol,10841.25,17,"SIL, MHG",1926.25,-14158.75
1102,Joseph1957,10627.0,20,"SIL, MBT",8790.0,-14373.0
1103,JayR,10551.0,31,"MGC, SIL",8790.0,-14449.0
1104,Tarun,10455.5,14,"1OZ, MGC",9359.75,-14544.5
1105,HMC_KY,10368.0,3,"MBT, SIL",8790.0,-14632.0
1106,Vishal,9920.0,11,"SIL, CL",6184.0,-15080.0
1107,Simon.Jac,9840.0,41,"NG, SIL",-2520.0,-15160.0
1108,BTMM,9722.0,26,"MCL, MYM",586.0,-15278.0
1109,Tar,9685.5,6,"1OZ, SIL",9241.0,-15314.5
1110,Dustin W,9570.0,5,"NG, ZC",-1150.0,-15430.0
1111,TY9999,9290.0,8,"CL, NG",1280.0,-15710.0
1112,GhostTradeKilla,9011.5,17,"MGC, MES",9114.0,-15988.5
1113,ThisYearForSure,8950.0,1,SIL,8790.0,-16050.0
1114,Kevin (KPF),8796.25,20,"SIL, MGC",-3457.75,-16203.75
1115,TimsForecast,8530.0,9,"DC, CL",5860.0,-16470.0
1116,HNI314,8520.0,21,"6E, ZS",337.5,-16480.0
1117,Vinsel,8379.0,23,"NG, LE",-7560.0,-16621.0
1118,ty8888,8166.75,101,"SIL, MGC",126.0,-16833.25
1119,RKK,7795.0,4,SIL,8790.0,-17205.0
1120,RHakker,7676.5,10,"SIL, NG",-2653.5,-17323.5
1121,Leafgreen,7565.0,1,SIL,8790.0,-17435.0
1122,DeltaOneOne,6761.5,21,"NG, MNQ",-6300.0,-18238.5
1123,V,6551.0,8,"NG, MNG",1260.0,-18449.0
1124,MaverickTrades,6545.0,66,"SIL, MGC",-5040.0,-18455.0
1125,Viejo,5850.0,10,NG,-10080.0,-19150.0
1126,Sasho,5470.0,1,SIL,8790.0,-19530.0
1127,Bim RTG,5415.0,3,SIL,8790.0,-19585.0
1128,Sharad_R,5170.0,13,"NG, MGC",-8820.0,-19830.0
1129,Rushthy Merza,5090.0,11,NG,-7560.0,-19910.0
1130,Dorian,5041.6,1,HO,-9357.6,-19958.4
1131,tw  hsia.eric,4890.0,3,SIL,8790.0,-20110.0
1132,GRIGA,4616.25,62,"SIL, MHG",-1260.0,-20383.75
1133,Chad aG,4205.0,1,SIL,8790.0,-20795.0
1134,Shubham Kochar,3838.62,7,"ZN, MGC",8790.0,-21161.38
1135,the_silver_wolf,3695.0,3,SIL,8790.0,-21305.0
1136,TTG24,3610.0,9,SIL,8790.0,-21390.0
1137,Paraa,3035.0,12,SIL,8790.0,-21965.0
1138,KR GWAGMIN,2470.0,2,SIL,8790.0,-22530.0
1139,Abraham,1822.5,2,"MNQ, SIL",9038.5,-23177.5
1140,Trader2026,1345.0,6,SIL,0.0,-23655.0
1141,Gautam Lalwani,1200.0,2,SIL,8790.0,-23800.0
1142,biggest loser,1179.0,21,"SIL, MBT",0.0,-23821.0
1143,Down_Jone$,225.0,2,SIL,8790.0,-24775.0
1144,GDF,145.0,3,SIL,8790.0,-24855.0
1145,Maze1on1,125.0,1,SIL,8790.0,-24875.0
1146,Katdanger777,0.0,3,SIL,8790.0,-25000.0
1147,rounderone,-245.0,1,SIL,8790.0,-25245.0
1148,Seeking Alpha,25000.0,0,"",0.0,0.0
1149,penglaifu,25000.0,0,"",0.0,0.0
1150,PutItWhereItCounts,25000.0,0,"",0.0,0.0
1151,nothingeverhappens,25000.0,0,"",0.0,0.0
1152,@Fast$,25000.0,0,"",0.0,0.0
1153,chengjian,25000.0,0,"",0.0,0.0
1154,Dheeraj,25000.0,0,"",0.0,0.0
1155,Martial C.,25000.0,0,"",0.0,0.0
1156,Sasha The Goat,25000.0,0,"",0.0,0.0
1157,Rustam,25000.0,0,"",0.0,0.0
1158,387gmbh,25000.0,0,"",0.0,0.0
1159,pb1,25000.0,0,"",0.0,0.0
1160,LuckyTom,25000.0,0,"",0.0,0.0
1161,aniket,25000.0,0,"",0.0,0.0
1162,Akash Kumar Banshkar,25000.0,0,"",0.0,0.0
1163,Texridrum,25000.0,0,"",0.0,0.0
1164,Chugen,25000.0,0,"",0.0,0.0
1165,Sharlon,25000.0,0,"",0.0,0.0
1166,Acesfx,25000.0,0,"",0.0,0.0
1167,Aajaycgawade,25000.0,0,"",0.0,0.0
1168,Aaron Townsend,25000.0,0,"",0.0,0.0
1169,Pipo,25000.0,0,"",0.0,0.0
1170,Aashray bhattad,25000.0,0,"",0.0,0.0
1171,AZ,25000.0,0,"",0.0,0.0
1172,TOS-00003568,25000.0,0,"",0.0,0.0
1173,Abusalif,25000.0,0,"",0.0,0.0
1174,Abd Ulfatah,25000.0,0,"",0.0,0.0
1175,Hakeem,25000.0,0,"",0.0,0.0
1176,abi,25000.0,0,"",0.0,0.0
1177,Abhan,25000.0,0,"",0.0,0.0
1178,Abhi1423shek,25000.0,0,"",0.0,0.0
1179,Adam W,25000.0,0,"",0.0,0.0
1180,engineeringsean,25000.0,0,"",0.0,0.0
1181,Oluwatosin Adejumo,25000.0,0,"",0.0,0.0
1182,Adel,25000.0,0,"",0.0,0.0
1183,Adithya Dileep,25000.0,0,"",0.0,0.0
1184,Aditya,25000.0,0,"",0.0,0.0
1185,Aditya Pratap Singh,25000.0,0,"",0.0,0.0
1186,Aditya singh gautam,25000.0,0,"",0.0,0.0
1187,most_personality,25000.0,0,"",0.0,0.0
1188,Yuri Garcia,25000.0,0,"",0.0,0.0
1189,lombardo141,25000.0,0,"",0.0,0.0
1190,Agamdeep Singh Kalra,25000.0,0,"",0.0,0.0
1191,Mail lady ,25000.0,0,"",0.0,0.0
1192,agherghesanu,25000.0,0,"",0.0,0.0
1193,Dr Ahmed,25000.0,0,"",0.0,0.0
1194,AMS,25000.0,0,"",0.0,0.0
1195,ahm123,25000.0,0,"",0.0,0.0
1196,Yasin,25000.0,0,"",0.0,0.0
1197,Bison,25000.0,0,"",0.0,0.0
1198,Zaid,25000.0,0,"",0.0,0.0
1199,Aroes,25000.0,0,"",0.0,0.0
1200,Anthiny Grey,25000.0,0,"",0.0,0.0
1201,Michael Scofield,25000.0,0,"",0.0,0.0
1202,Ali B,25000.0,0,"",0.0,0.0
1203,Alieu,25000.0,0,"",0.0,0.0
1204,Adi,25000.0,0,"",0.0,0.0
1205,Alinda Aaron,25000.0,0,"",0.0,0.0
1206,aln,25000.0,0,"",0.0,0.0
1207,MkcAllen,25000.0,0,"",0.0,0.0
1208,HK Allen Xie,25000.0,0,"",0.0,0.0
1209,Geo,25000.0,0,"",0.0,0.0
1210,Alok Katariya,25000.0,0,"",0.0,0.0
1211,Marco,25000.0,0,"",0.0,0.0
1212,Diesgeno,25000.0,0,"",0.0,0.0
1213,SEA CGSI Futures,25000.0,0,"",0.0,0.0
1214,Tash Elmore,25000.0,0,"",0.0,0.0
1215,Am2869,25000.0,0,"",0.0,0.0
1216,Oussamanmr52,25000.0,0,"",0.0,0.0
1217,Ame,25000.0,0,"",0.0,0.0
1218,AMILL,25000.0,0,"",0.0,0.0
1219,CrudeTrader,25000.0,0,"",0.0,0.0
1220,Top Joe,25000.0,0,"",0.0,0.0
1221,Aj,25000.0,0,"",0.0,0.0
1222,Amogh Prasad,25000.0,0,"",0.0,0.0
1223,Anmaya,25000.0,0,"",0.0,0.0
1224,Anandvardhan Tiwary,25000.0,0,"",0.0,0.0
1225,Ana Rita,25000.0,0,"",0.0,0.0
1226,andres de lima,25000.0,0,"",0.0,0.0
1227,Haddona32,25000.0,0,"",0.0,0.0
1228,Andrew Clark,25000.0,0,"",0.0,0.0
1229,Andy Djaba,25000.0,0,"",0.0,0.0
1230,nabhat,25000.0,0,"",0.0,0.0
1231,Ani,25000.0,0,"",0.0,0.0
1232,Anisha,25000.0,0,"",0.0,0.0
1233,Anna,25000.0,0,"",0.0,0.0
1234,anony,25000.0,0,"",0.0,0.0
1235,Iayan,25000.0,0,"",0.0,0.0
1236,Anquidity,25000.0,0,"",0.0,0.0
1237,DownToPho,25000.0,0,"",0.0,0.0
1238,Anthony R,25000.0,0,"",0.0,0.0
1239,Anthony Oliver II,25000.0,0,"",0.0,0.0
1240,abparker,25000.0,0,"",0.0,0.0
1241,April,25000.0,0,"",0.0,0.0
1242,Aziz,25000.0,0,"",0.0,0.0
1243,$chizomoney,25000.0,0,"",0.0,0.0
1244,Invictus,25000.0,0,"",0.0,0.0
1245,Arm621,25000.0,0,"",0.0,0.0
1246,Pappy,25000.0,0,"",0.0,0.0
1247,cryptographer,25000.0,0,"",0.0,0.0
1248,Artur,25000.0,0,"",0.0,0.0
1249,Arwinnaar,25000.0,0,"",0.0,0.0
1250,ZTrader,25000.0,0,"",0.0,0.0
1251,Nug,25000.0,0,"",0.0,0.0
1252,Asemenets,25000.0,0,"",0.0,0.0
1253,menkom,25000.0,0,"",0.0,0.0
1254,Asha,25000.0,0,"",0.0,0.0
1255,ashad,25000.0,0,"",0.0,0.0
1256,bhussu69,25000.0,0,"",0.0,0.0
1257,Giridhar,25000.0,0,"",0.0,0.0
1258,Vefa,25000.0,0,"",0.0,0.0
1259,Avery Maxey,25000.0,0,"",0.0,0.0
1260,Avinash7218,25000.0,0,"",0.0,0.0
1261,Harry,25000.0,0,"",0.0,0.0
1262,xXx,25000.0,0,"",0.0,0.0
1263,ngapich,25000.0,0,"",0.0,0.0
1264,samzy,25000.0,0,"",0.0,0.0
1265,RUMIROH,25000.0,0,"",0.0,0.0
1266,Bacon45,25000.0,0,"",0.0,0.0
1267,badr,25000.0,0,"",0.0,0.0
1268,Bansal Trading,25000.0,0,"",0.0,0.0
1269,barneyhdsn,25000.0,0,"",0.0,0.0
1270,Athena,25000.0,0,"",0.0,0.0
1271,Bcarbon,25000.0,0,"",0.0,0.0
1272,PaulRevere1776,25000.0,0,"",0.0,0.0
1273,Yongtianxin,25000.0,0,"",0.0,0.0
1274,Begi,25000.0,0,"",0.0,0.0
1275,x bel,25000.0,0,"",0.0,0.0
1276,schar1,25000.0,0,"",0.0,0.0
1277,Benz,25000.0,0,"",0.0,0.0
1278,De bulls,25000.0,0,"",0.0,0.0
1279,Anthony Bezares,25000.0,0,"",0.0,0.0
1280,William Grzebien,25000.0,0,"",0.0,0.0
1281,Future,25000.0,0,"",0.0,0.0
1282,Veronika,25000.0,0,"",0.0,0.0
1283,bigstreet,25000.0,0,"",0.0,0.0
1284,BillTaylor2026,25000.0,0,"",0.0,0.0
1285,TW Bill Su,25000.0,0,"",0.0,0.0
1286,Contrarian signal,25000.0,0,"",0.0,0.0
1287,Billb,25000.0,0,"",0.0,0.0
1288,FORGE EXPERT,25000.0,0,"",0.0,0.0
1289,Brody,25000.0,0,"",0.0,0.0
1290,achambok,25000.0,0,"",0.0,0.0
1291,Blakee,25000.0,0,"",0.0,0.0
1292,Rob_Trades,25000.0,0,"",0.0,0.0
1293,boleyn KENKEM,25000.0,0,"",0.0,0.0
1294,Keithbo,25000.0,0,"",0.0,0.0
1295,Jorge,25000.0,0,"",0.0,0.0
1296,Bhavya Patel,25000.0,0,"",0.0,0.0
1297,saurabh,25000.0,0,"",0.0,0.0
1298,Royal_King,25000.0,0,"",0.0,0.0
1299,Bw40,25000.0,0,"",0.0,0.0
1300,sio11,25000.0,0,"",0.0,0.0
1301,Altitude,25000.0,0,"",0.0,0.0
1302,Benjamin R Brothers,25000.0,0,"",0.0,0.0
1303,FuManChu,25000.0,0,"",0.0,0.0
1304,AdamSmith777,25000.0,0,"",0.0,0.0
1305,Bubbagreg,25000.0,0,"",0.0,0.0
1306,Bui Cao Khanh,25000.0,0,"",0.0,0.0
1307,Prof Pangloss,25000.0,0,"",0.0,0.0
1308,I'll think of a name later,25000.0,0,"",0.0,0.0
1309,Alfonso Cabieles,25000.0,0,"",0.0,0.0
1310,Charles Abrams,25000.0,0,"",0.0,0.0
1311,CamV,25000.0,0,"",0.0,0.0
1312,huynh,25000.0,0,"",0.0,0.0
1313,Cannae,25000.0,0,"",0.0,0.0
1314,AguirreBroker,25000.0,0,"",0.0,0.0
1315,carlos,25000.0,0,"",0.0,0.0
1316,casey105,25000.0,0,"",0.0,0.0
1317,GC!4LF,25000.0,0,"",0.0,0.0
1318,alrx,25000.0,0,"",0.0,0.0
1319,NotXeo,25000.0,0,"",0.0,0.0
1320,CCMCASSIO,25000.0,0,"",0.0,0.0
1321,Royjmatr,25000.0,0,"",0.0,0.0
1322,CDUBXX,25000.0,0,"",0.0,0.0
1323,Cdub,25000.0,0,"",0.0,0.0
1324,Overcomer,25000.0,0,"",0.0,0.0
1325,Chanakya V,25000.0,0,"",0.0,0.0
1326,aarcee17,25000.0,0,"",0.0,0.0
1327,Aadhish,25000.0,0,"",0.0,0.0
1328,HK Channing Wang,25000.0,0,"",0.0,0.0
1329,Marvin,25000.0,0,"",0.0,0.0
1330,Chellakalyani Ravimanthachalugai,25000.0,0,"",0.0,0.0
1331,Chencheng Hou,25000.0,0,"",0.0,0.0
1332,Zhi,25000.0,0,"",0.0,0.0
1333,chinuckb,25000.0,0,"",0.0,0.0
1334,Cola,25000.0,0,"",0.0,0.0
1335,chronus369,25000.0,0,"",0.0,0.0
1336,MeL C,25000.0,0,"",0.0,0.0
1337,SWEETLOU,25000.0,0,"",0.0,0.0
1338,CILSON,25000.0,0,"",0.0,0.0
1339,See Jay,25000.0,0,"",0.0,0.0
1340,cherryk303,25000.0,0,"",0.0,0.0
1341,ClaireD,25000.0,0,"",0.0,0.0
1342,Clemente Carbonaro,25000.0,0,"",0.0,0.0
1343,Jaime M. Marx - The Clockwork Group,25000.0,0,"",0.0,0.0
1344,GeeBlog,25000.0,0,"",0.0,0.0
1345,nullpointersf,25000.0,0,"",0.0,0.0
1346,Cmaas18,25000.0,0,"",0.0,0.0
1347,Queso,25000.0,0,"",0.0,0.0
1348,Can't Win,25000.0,0,"",0.0,0.0
1349,Kpit,25000.0,0,"",0.0,0.0
1350,Aya,25000.0,0,"",0.0,0.0
1351,Damiano,25000.0,0,"",0.0,0.0
1352,Claus AP,25000.0,0,"",0.0,0.0
1353,onetwothree,25000.0,0,"",0.0,0.0
1354,collins,25000.0,0,"",0.0,0.0
1355,S6X,25000.0,0,"",0.0,0.0
1356,new-world,25000.0,0,"",0.0,0.0
1357,christian,25000.0,0,"",0.0,0.0
1358,welpcj,25000.0,0,"",0.0,0.0
1359,Webber5640,25000.0,0,"",0.0,0.0
1360,Eska,25000.0,0,"",0.0,0.0
1361,Caleb,25000.0,0,"",0.0,0.0
1362,InfiniteShdow,25000.0,0,"",0.0,0.0
1363,Derrick ,25000.0,0,"",0.0,0.0
1364,Dan,25000.0,0,"",0.0,0.0
1365,Wild wolf,25000.0,0,"",0.0,0.0
1366,Moxie,25000.0,0,"",0.0,0.0
1367,daksh2pro,25000.0,0,"",0.0,0.0
1368,Amos Burton,25000.0,0,"",0.0,0.0
1369,Daniel Ab,25000.0,0,"",0.0,0.0
1370,Daniel S,25000.0,0,"",0.0,0.0
1371,stokely,25000.0,0,"",0.0,0.0
1372,Daniil27Ost,25000.0,0,"",0.0,0.0
1373,Griddy Boi,25000.0,0,"",0.0,0.0
1374,Luffy_sama,25000.0,0,"",0.0,0.0
1375,Darsh,25000.0,0,"",0.0,0.0
1376,Emperortraders,25000.0,0,"",0.0,0.0
1377,DAVID H,25000.0,0,"",0.0,0.0
1378,David p,25000.0,0,"",0.0,0.0
1379,CerroTorre,25000.0,0,"",0.0,0.0
1380,Mr. Jomo,25000.0,0,"",0.0,0.0
1381,Daudi,25000.0,0,"",0.0,0.0
1382,David Laguna,25000.0,0,"",0.0,0.0
1383,David Alatorre,25000.0,0,"",0.0,0.0
1384,ChasingSardines,25000.0,0,"",0.0,0.0
1385,Javatrader,25000.0,0,"",0.0,0.0
1386,Florence D Babatope,25000.0,0,"",0.0,0.0
1387,Blossom,25000.0,0,"",0.0,0.0
1388,Rostyslav K,25000.0,0,"",0.0,0.0
1389,DStewart,25000.0,0,"",0.0,0.0
1390,demotoprofit,25000.0,0,"",0.0,0.0
1391,drae,25000.0,0,"",0.0,0.0
1392,Dennis,25000.0,0,"",0.0,0.0
1393,Zoolander,25000.0,0,"",0.0,0.0
1394,Desalegn,25000.0,0,"",0.0,0.0
1395,Desmond Campbell,25000.0,0,"",0.0,0.0
1396,D-Dawg,25000.0,0,"",0.0,0.0
1397,David B,25000.0,0,"",0.0,0.0
1398,dhanishthaa_rk,25000.0,0,"",0.0,0.0
1399,Dherby Docteur,25000.0,0,"",0.0,0.0
1400,Dhiraj,25000.0,0,"",0.0,0.0
1401,Dhruv,25000.0,0,"",0.0,0.0
1402,Dhruv Sheth,25000.0,0,"",0.0,0.0
1403,Diego Alavi,25000.0,0,"",0.0,0.0
1404,Baller,25000.0,0,"",0.0,0.0
1405,DineshU,25000.0,0,"",0.0,0.0
1406,Dinesh,25000.0,0,"",0.0,0.0
1407,DJJ,25000.0,0,"",0.0,0.0
1408,Blackstone070,25000.0,0,"",0.0,0.0
1409,MaD_Trader,25000.0,0,"",0.0,0.0
1410,AlexanderHamilton,25000.0,0,"",0.0,0.0
1411,STOCKMARKETCADDIE,25000.0,0,"",0.0,0.0
1412,Donald,25000.0,0,"",0.0,0.0
1413,Dornis,25000.0,0,"",0.0,0.0
1414,double8,25000.0,0,"",0.0,0.0
1415,Turbo 'Skeeter,25000.0,0,"",0.0,0.0
1416,DixieDawg,25000.0,0,"",0.0,0.0
1417,Capital Gainz,25000.0,0,"",0.0,0.0
1418,dushyant11,25000.0,0,"",0.0,0.0
1419,Duy Tran,25000.0,0,"",0.0,0.0
1420,sdzejtov,25000.0,0,"",0.0,0.0
1421,ebisu10trader,25000.0,0,"",0.0,0.0
1422,footey111,25000.0,0,"",0.0,0.0
1423,EG,25000.0,0,"",0.0,0.0
1424,joyboy,25000.0,0,"",0.0,0.0
1425,ILGALLUS,25000.0,0,"",0.0,0.0
1426,Eric,25000.0,0,"",0.0,0.0
1427,Benom,25000.0,0,"",0.0,0.0
1428,Burgen,25000.0,0,"",0.0,0.0
1429,Linnel Trader,25000.0,0,"",0.0,0.0
1430,EAL,25000.0,0,"",0.0,0.0
1431,ELSE,25000.0,0,"",0.0,0.0
1432,purplelecture84,25000.0,0,"",0.0,0.0
1433,emmanuel(DTP),25000.0,0,"",0.0,0.0
1434,Emmanuel,25000.0,0,"",0.0,0.0
1435,Emma Parsons,25000.0,0,"",0.0,0.0
1436,Mayolo,25000.0,0,"",0.0,0.0
1437,posthume,25000.0,0,"",0.0,0.0
1438,Algo-Trader,25000.0,0,"",0.0,0.0
1439,mmackson,25000.0,0,"",0.0,0.0
1440,Zombieman,25000.0,0,"",0.0,0.0
1441,Eoin O'Hare,25000.0,0,"",0.0,0.0
1442,Joel Ndonann,25000.0,0,"",0.0,0.0
1443,Forexfalcon,25000.0,0,"",0.0,0.0
1444,uncle rick,25000.0,0,"",0.0,0.0
1445,REDDYE,25000.0,0,"",0.0,0.0
1446,Viking,25000.0,0,"",0.0,0.0
1447,NewView,25000.0,0,"",0.0,0.0
1448,Ethan U,25000.0,0,"",0.0,0.0
1449,Bari76,25000.0,0,"",0.0,0.0
1450,bit_kidon,25000.0,0,"",0.0,0.0
1451,ExDeus,25000.0,0,"",0.0,0.0
1452,Charles Oneka,25000.0,0,"",0.0,0.0
1453,Flowtrader,25000.0,0,"",0.0,0.0
1454,DBxBITSG,25000.0,0,"",0.0,0.0
1455,Fabian Morales,25000.0,0,"",0.0,0.0
1456,Faulen,25000.0,0,"",0.0,0.0
1457,RAIS,25000.0,0,"",0.0,0.0
1458,FEVZI,25000.0,0,"",0.0,0.0
1459,FearLessTrader,25000.0,0,"",0.0,0.0
1460,Fred,25000.0,0,"",0.0,0.0
1461,Felix,25000.0,0,"",0.0,0.0
1462,Vascon,25000.0,0,"",0.0,0.0
1463,FCrevoculski,25000.0,0,"",0.0,0.0
1464,Philosdelphos,25000.0,0,"",0.0,0.0
1465,Goofytrader,25000.0,0,"",0.0,0.0
1466,Fixmin,25000.0,0,"",0.0,0.0
1467,Flo,25000.0,0,"",0.0,0.0
1468,Forrest,25000.0,0,"",0.0,0.0
1469,PrinzVonThule,25000.0,0,"",0.0,0.0
1470,Nishantmonu,25000.0,0,"",0.0,0.0
1471,treeeder,25000.0,0,"",0.0,0.0
1472,Francesc Buch,25000.0,0,"",0.0,0.0
1473,ffddz,25000.0,0,"",0.0,0.0
1474,BigOil,25000.0,0,"",0.0,0.0
1475,SHIGAPE FRANS MOKHARE,25000.0,0,"",0.0,0.0
1476,Ben,25000.0,0,"",0.0,0.0
1477,Vega_hunta,25000.0,0,"",0.0,0.0
1478,Rho,25000.0,0,"",0.0,0.0
1479,Fx-Jithin,25000.0,0,"",0.0,0.0
1480,Steve,25000.0,0,"",0.0,0.0
1481,Gt,25000.0,0,"",0.0,0.0
1482,MIU,25000.0,0,"",0.0,0.0
1483,BamBam,25000.0,0,"",0.0,0.0
1484,GavBob,25000.0,0,"",0.0,0.0
1485,Ama,25000.0,0,"",0.0,0.0
1486,VAJTRADE,25000.0,0,"",0.0,0.0
1487,CryptCapital,25000.0,0,"",0.0,0.0
1488,PapaGiorgio,25000.0,0,"",0.0,0.0
1489,M.I.N.O.,25000.0,0,"",0.0,0.0
1490,John.S.,25000.0,0,"",0.0,0.0
1491,DG,25000.0,0,"",0.0,0.0
1492,Guille,25000.0,0,"",0.0,0.0
1493,PoorFlaxGrower,25000.0,0,"",0.0,0.0
1494,Gabriel Baker,25000.0,0,"",0.0,0.0
1495,vinod_trader,25000.0,0,"",0.0,0.0
1496,Godz,25000.0,0,"",0.0,0.0
1497,Gtrade,25000.0,0,"",0.0,0.0
1498,Gaurav Rajesh Parikh,25000.0,0,"",0.0,0.0
1499,Grahamstein Energy Partners ,25000.0,0,"",0.0,0.0
1500,Nullpointersf,25000.0,0,"",0.0,0.0
1501,Aaron Grijalva,25000.0,0,"",0.0,0.0
1502,Grant ,25000.0,0,"",0.0,0.0
1503,Rahul chaurasiya,25000.0,0,"",0.0,0.0
1504,PocketKnifeCal,25000.0,0,"",0.0,0.0
1505,Gullfraz Khan,25000.0,0,"",0.0,0.0
1506,GK,25000.0,0,"",0.0,0.0
1507,FirstCat,25000.0,0,"",0.0,0.0
1508,George,25000.0,0,"",0.0,0.0
1509,Hadrien Kremer,25000.0,0,"",0.0,0.0
1510,Hadds,25000.0,0,"",0.0,0.0
1511,STH_0184,25000.0,0,"",0.0,0.0
1512,oz,25000.0,0,"",0.0,0.0
1513,Tenre21,25000.0,0,"",0.0,0.0
1514,PROHARSHALSAWALE,25000.0,0,"",0.0,0.0
1515,hvg,25000.0,0,"",0.0,0.0
1516,Krocell,25000.0,0,"",0.0,0.0
1517,hvijay,25000.0,0,"",0.0,0.0
1518,Danny's methods,25000.0,0,"",0.0,0.0
1519,Contrarian Jr.,25000.0,0,"",0.0,0.0
1520,HDPYO,25000.0,0,"",0.0,0.0
1521,Henry,25000.0,0,"",0.0,0.0
1522,Hedi Derbel,25000.0,0,"",0.0,0.0
1523,FyreShift,25000.0,0,"",0.0,0.0
1524,RavenRose,25000.0,0,"",0.0,0.0
1525,Hammad,25000.0,0,"",0.0,0.0
1526,Harikishan77,25000.0,0,"",0.0,0.0
1527,Sean,25000.0,0,"",0.0,0.0
1528,Hollywood,25000.0,0,"",0.0,0.0
1529,white,25000.0,0,"",0.0,0.0
1530,Traderg10,25000.0,0,"",0.0,0.0
1531,nut,25000.0,0,"",0.0,0.0
1532,Vasanth,25000.0,0,"",0.0,0.0
1533,ELhusse101,25000.0,0,"",0.0,0.0
1534,hy88usa,25000.0,0,"",0.0,0.0
1535,Hyeonseo Kim,25000.0,0,"",0.0,0.0
1536,Ronix,25000.0,0,"",0.0,0.0
1537,IRDPitt,25000.0,0,"",0.0,0.0
1538,VATS,25000.0,0,"",0.0,0.0
1539,ian,25000.0,0,"",0.0,0.0
1540,Matthew Ibalio,25000.0,0,"",0.0,0.0
1541,AndrewC,25000.0,0,"",0.0,0.0
1542,Mohamed mostapha,25000.0,0,"",0.0,0.0
1543,HOPEx3,25000.0,0,"",0.0,0.0
1544,Sandy,25000.0,0,"",0.0,0.0
1545,Imran Ali,25000.0,0,"",0.0,0.0
1546,Imran Jami,25000.0,0,"",0.0,0.0
1547,Nadia V. Howell,25000.0,0,"",0.0,0.0
1548,I_N,25000.0,0,"",0.0,0.0
1549,mildewd,25000.0,0,"",0.0,0.0
1550,Trader66,25000.0,0,"",0.0,0.0
1551,Muhammad Irfan Z,25000.0,0,"",0.0,0.0
1552,Vin Lpz,25000.0,0,"",0.0,0.0
1553,MackMister,25000.0,0,"",0.0,0.0
1554,Renar G,25000.0,0,"",0.0,0.0
1555,Ismael,25000.0,0,"",0.0,0.0
1556,istanbulluxury,25000.0,0,"",0.0,0.0
1557,Dslm_HarleyQuinn,25000.0,0,"",0.0,0.0
1558,Trading Challenge January 2026,25000.0,0,"",0.0,0.0
1559,HajdukZD,25000.0,0,"",0.0,0.0
1560,Jrob32,25000.0,0,"",0.0,0.0
1561,Yodle,25000.0,0,"",0.0,0.0
1562,Jack Jacobs,25000.0,0,"",0.0,0.0
1563,Jacquline,25000.0,0,"",0.0,0.0
1564,Jalex,25000.0,0,"",0.0,0.0
1565,JT Tradjng,25000.0,0,"",0.0,0.0
1566,NQSNIPAA,25000.0,0,"",0.0,0.0
1567,Jainam Kashyap,25000.0,0,"",0.0,0.0
1568,Tuna55,25000.0,0,"",0.0,0.0
1569,Cryptojane,25000.0,0,"",0.0,0.0
1570,Janina,25000.0,0,"",0.0,0.0
1571,jasmine,25000.0,0,"",0.0,0.0
1572,Jay,25000.0,0,"",0.0,0.0
1573,JaySalvi,25000.0,0,"",0.0,0.0
1574,Jermaine Jeffries,25000.0,0,"",0.0,0.0
1575,TheSpartan,25000.0,0,"",0.0,0.0
1576,JonnyB,25000.0,0,"",0.0,0.0
1577,CxAgent,25000.0,0,"",0.0,0.0
1578,jeffin,25000.0,0,"",0.0,0.0
1579,jefifn,25000.0,0,"",0.0,0.0
1580,Trader46,25000.0,0,"",0.0,0.0
1581,Justin G,25000.0,0,"",0.0,0.0
1582,Siham1983,25000.0,0,"",0.0,0.0
1583,OI,25000.0,0,"",0.0,0.0
1584,JL,25000.0,0,"",0.0,0.0
1585,Jikheim,25000.0,0,"",0.0,0.0
1586,Jim83,25000.0,0,"",0.0,0.0
1587,Jimmy,25000.0,0,"",0.0,0.0
1588,Jin Polyu,25000.0,0,"",0.0,0.0
1589,jjnewby,25000.0,0,"",0.0,0.0
1590,aimwest98,25000.0,0,"",0.0,0.0
1591,jjtechnician,25000.0,0,"",0.0,0.0
1592,Kleiner Castro,25000.0,0,"",0.0,0.0
1593,E,25000.0,0,"",0.0,0.0
1594,Noirestradamus,25000.0,0,"",0.0,0.0
1595,Billiam Hwangus,25000.0,0,"",0.0,0.0
1596,DUKEY19,25000.0,0,"",0.0,0.0
1597,poptrader,25000.0,0,"",0.0,0.0
1598,Natan,25000.0,0,"",0.0,0.0
1599,Jordan1Michael,25000.0,0,"",0.0,0.0
1600,Jonah.JJ,25000.0,0,"",0.0,0.0
1601,jonntran,25000.0,0,"",0.0,0.0
1602,naptime,25000.0,0,"",0.0,0.0
1603,JOSEPHNJENGA,25000.0,0,"",0.0,0.0
1604,JA,25000.0,0,"",0.0,0.0
1605,Jason Raynaud,25000.0,0,"",0.0,0.0
1606,TexasShadow,25000.0,0,"",0.0,0.0
1607,ginseng,25000.0,0,"",0.0,0.0
1608,jslee714,25000.0,0,"",0.0,0.0
1609,JPC,25000.0,0,"",0.0,0.0
1610,Hadi,25000.0,0,"",0.0,0.0
1611,HK Huang Junming,25000.0,0,"",0.0,0.0
1612,Justus Altay Eimermacher,25000.0,0,"",0.0,0.0
1613,jacob,25000.0,0,"",0.0,0.0
1614,Jérome,25000.0,0,"",0.0,0.0
1615,JB,25000.0,0,"",0.0,0.0
1616,B. Ray Valentine,25000.0,0,"",0.0,0.0
1617,Johnny,25000.0,0,"",0.0,0.0
1618,kacha,25000.0,0,"",0.0,0.0
1619,SEA KAH YONG,25000.0,0,"",0.0,0.0
1620,kstrasse,25000.0,0,"",0.0,0.0
1621,kaito,25000.0,0,"",0.0,0.0
1622,Howard _7,25000.0,0,"",0.0,0.0
1623,Kamil Hamdadou,25000.0,0,"",0.0,0.0
1624,Bala,25000.0,0,"",0.0,0.0
1625,Ron,25000.0,0,"",0.0,0.0
1626,Mouli,25000.0,0,"",0.0,0.0
1627,KP,25000.0,0,"",0.0,0.0
1628,Karthik001,25000.0,0,"",0.0,0.0
1629,Cyrillio,25000.0,0,"",0.0,0.0
1630,K2Trades,25000.0,0,"",0.0,0.0
1631,Ninjafxc,25000.0,0,"",0.0,0.0
1632,JChaar,25000.0,0,"",0.0,0.0
1633,Kenyo,25000.0,0,"",0.0,0.0
1634,Katelyn O,25000.0,0,"",0.0,0.0
1635,TSS,25000.0,0,"",0.0,0.0
1636,kennethator,25000.0,0,"",0.0,0.0
1637,Kevin423,25000.0,0,"",0.0,0.0
1638,Kevwessea,25000.0,0,"",0.0,0.0
1639,XtremeKT,25000.0,0,"",0.0,0.0
1640,jan5-11,25000.0,0,"",0.0,0.0
1641,Enric,25000.0,0,"",0.0,0.0
1642,CAESAR KIMANI,25000.0,0,"",0.0,0.0
1643,Trevor King,25000.0,0,"",0.0,0.0
1644,teddy,25000.0,0,"",0.0,0.0
1645,Jered King Trading ,25000.0,0,"",0.0,0.0
1646,Kate Klaehn,25000.0,0,"",0.0,0.0
1647,Kaelon ,25000.0,0,"",0.0,0.0
1648,KT,25000.0,0,"",0.0,0.0
1649,KnightRyder,25000.0,0,"",0.0,0.0
1650,kobbystone,25000.0,0,"",0.0,0.0
1651,aminnah,25000.0,0,"",0.0,0.0
1652,KoreyF,25000.0,0,"",0.0,0.0
1653,Ace66,25000.0,0,"",0.0,0.0
1654,krauzamiodu,25000.0,0,"",0.0,0.0
1655,Kristal,25000.0,0,"",0.0,0.0
1656,KJ,25000.0,0,"",0.0,0.0
1657,kriskon,25000.0,0,"",0.0,0.0
1658,MY ALFRED,25000.0,0,"",0.0,0.0
1659,Grzechonator,25000.0,0,"",0.0,0.0
1660,Kudakwashe Chinake,25000.0,0,"",0.0,0.0
1661,Greek,25000.0,0,"",0.0,0.0
1662,kush,25000.0,0,"",0.0,0.0
1663,Kushal Kothapalli,25000.0,0,"",0.0,0.0
1664,AVY,25000.0,0,"",0.0,0.0
1665,Kvnokari,25000.0,0,"",0.0,0.0
1666,KZ,25000.0,0,"",0.0,0.0
1667,Lachlann,25000.0,0,"",0.0,0.0
1668,Lakhyajyoti Gogoi,25000.0,0,"",0.0,0.0
1669,Vitalii,25000.0,0,"",0.0,0.0
1670,Larry Bullock,25000.0,0,"",0.0,0.0
1671,Laurentiu I,25000.0,0,"",0.0,0.0
1672,Laury027,25000.0,0,"",0.0,0.0
1673,Caltrades,25000.0,0,"",0.0,0.0
1674,SEA ESTEE,25000.0,0,"",0.0,0.0
1675,TW Lu,25000.0,0,"",0.0,0.0
1676,Lenovo,25000.0,0,"",0.0,0.0
1677,LFC10,25000.0,0,"",0.0,0.0
1678,HK leoxy,25000.0,0,"",0.0,0.0
1679,Shirley,25000.0,0,"",0.0,0.0
1680,LS,25000.0,0,"",0.0,0.0
1681,Jack Li,25000.0,0,"",0.0,0.0
1682,Lehan Li,25000.0,0,"",0.0,0.0
1683,MoneyMach34!,25000.0,0,"",0.0,0.0
1684,MisterJ,25000.0,0,"",0.0,0.0
1685,lawrencebarelf,25000.0,0,"",0.0,0.0
1686,Hedged6,25000.0,0,"",0.0,0.0
1687,Dem0,25000.0,0,"",0.0,0.0
1688,Sacha,25000.0,0,"",0.0,0.0
1689,Luca Gardilcic Santorsa,25000.0,0,"",0.0,0.0
1690,LUCIDLIONTRADING,25000.0,0,"",0.0,0.0
1691,Luis Angel Amaro Mendez,25000.0,0,"",0.0,0.0
1692,Lukewho,25000.0,0,"",0.0,0.0
1693,Dr Tabowei Luther Ugochukwu,25000.0,0,"",0.0,0.0
1694,LW,25000.0,0,"",0.0,0.0
1695,Michael Nicola,25000.0,0,"",0.0,0.0
1696,mark,25000.0,0,"",0.0,0.0
1697,Meshal,25000.0,0,"",0.0,0.0
1698,Martin Sobek,25000.0,0,"",0.0,0.0
1699,jatinder singh,25000.0,0,"",0.0,0.0
1700,ILG,25000.0,0,"",0.0,0.0
1701,BERMUDAHEAT,25000.0,0,"",0.0,0.0
1702,Maddy,25000.0,0,"",0.0,0.0
1703,Burniatrix,25000.0,0,"",0.0,0.0
1704,Ktm36,25000.0,0,"",0.0,0.0
1705,MagX,25000.0,0,"",0.0,0.0
1706,Mantra,25000.0,0,"",0.0,0.0
1707,Prabhav0507,25000.0,0,"",0.0,0.0
1708,PADMANABAN,25000.0,0,"",0.0,0.0
1709,Azeem,25000.0,0,"",0.0,0.0
1710,Alex Mamani Gallegos,25000.0,0,"",0.0,0.0
1711,scraz,25000.0,0,"",0.0,0.0
1712,IRWAN,25000.0,0,"",0.0,0.0
1713,Manolosoto,25000.0,0,"",0.0,0.0
1714,MANTRA,25000.0,0,"",0.0,0.0
1715,Moises,25000.0,0,"",0.0,0.0
1716,aasim,25000.0,0,"",0.0,0.0
1717,Marcelo Ferreira,25000.0,0,"",0.0,0.0
1718,CarlosMauricio,25000.0,0,"",0.0,0.0
1719,AERIS7,25000.0,0,"",0.0,0.0
1720,M,25000.0,0,"",0.0,0.0
1721,Lincoln,25000.0,0,"",0.0,0.0
1722,mj,25000.0,0,"",0.0,0.0
1723,Mark Gay,25000.0,0,"",0.0,0.0
1724,moulay10,25000.0,0,"",0.0,0.0
1725,BlazinGanja,25000.0,0,"",0.0,0.0
1726,rick2riches,25000.0,0,"",0.0,0.0
1727,QuantamentalMacro,25000.0,0,"",0.0,0.0
1728,aweizonme,25000.0,0,"",0.0,0.0
1729,Dodo,25000.0,0,"",0.0,0.0
1730,mathgutt,25000.0,0,"",0.0,0.0
1731,mqzpt,25000.0,0,"",0.0,0.0
1732,MAT,25000.0,0,"",0.0,0.0
1733,Matt,25000.0,0,"",0.0,0.0
1734,SAVVO TRON,25000.0,0,"",0.0,0.0
1735,Mattia,25000.0,0,"",0.0,0.0
1736,Maverick Maeda,25000.0,0,"",0.0,0.0
1737,M.Sab,25000.0,0,"",0.0,0.0
1738,Mayur Malgear,25000.0,0,"",0.0,0.0
1739,Heat,25000.0,0,"",0.0,0.0
1740,Matty Light,25000.0,0,"",0.0,0.0
1741,Monu Chouhan,25000.0,0,"",0.0,0.0
1742,Dan Trader,25000.0,0,"",0.0,0.0
1743,MOUAD RYAHI,25000.0,0,"",0.0,0.0
1744,SuperMario3,25000.0,0,"",0.0,0.0
1745,MDN,25000.0,0,"",0.0,0.0
1746,apurv007,25000.0,0,"",0.0,0.0
1747,von,25000.0,0,"",0.0,0.0
1748,Prince_,25000.0,0,"",0.0,0.0
1749,Marcos432,25000.0,0,"",0.0,0.0
1750,MikeH,25000.0,0,"",0.0,0.0
1751,Mm,25000.0,0,"",0.0,0.0
1752,Mohammed Hossain,25000.0,0,"",0.0,0.0
1753,Boer Miao,25000.0,0,"",0.0,0.0
1754,the notorious l.o.s.e.r,25000.0,0,"",0.0,0.0
1755,Schmike,25000.0,0,"",0.0,0.0
1756,Popsyboy,25000.0,0,"",0.0,0.0
1757,michaelip17,25000.0,0,"",0.0,0.0
1758,Michaelin007,25000.0,0,"",0.0,0.0
1759,KizumaTrading,25000.0,0,"",0.0,0.0
1760,MENG FANG LEE,25000.0,0,"",0.0,0.0
1761,Miguel,25000.0,0,"",0.0,0.0
1762,Michael,25000.0,0,"",0.0,0.0
1763,mikeybanfield698@gmail.com,25000.0,0,"",0.0,0.0
1764,Korte,25000.0,0,"",0.0,0.0
1765,Mire,25000.0,0,"",0.0,0.0
1766,Johnny,25000.0,0,"",0.0,0.0
1767,mega28,25000.0,0,"",0.0,0.0
1768,Michelle,25000.0,0,"",0.0,0.0
1769,Me,25000.0,0,"",0.0,0.0
1770,ManWan,25000.0,0,"",0.0,0.0
1771,mmederos,25000.0,0,"",0.0,0.0
1772,memonaco,25000.0,0,"",0.0,0.0
1773,Marwan,25000.0,0,"",0.0,0.0
1774,WIZNOFEAR,25000.0,0,"",0.0,0.0
1775,Mohit,25000.0,0,"",0.0,0.0
1776,Mohit Kumar Agarwal,25000.0,0,"",0.0,0.0
1777,Moiz,25000.0,0,"",0.0,0.0
1778,MondiX,25000.0,0,"",0.0,0.0
1779,HeyMon2020,25000.0,0,"",0.0,0.0
1780,monicali,25000.0,0,"",0.0,0.0
1781,Jmonroe2024,25000.0,0,"",0.0,0.0
1782,Monomonz,25000.0,0,"",0.0,0.0
1783,"Yeo Zhi Yin, Morgan (CGSI Singapore Futures)",25000.0,0,"",0.0,0.0
1784,Eunice nyakina,25000.0,0,"",0.0,0.0
1785,tsm176,25000.0,0,"",0.0,0.0
1786,resilienttrader5,25000.0,0,"",0.0,0.0
1787,mouta,25000.0,0,"",0.0,0.0
1788,Mridul Garg,25000.0,0,"",0.0,0.0
1789,Imaverb,25000.0,0,"",0.0,0.0
1790,Tazeen,25000.0,0,"",0.0,0.0
1791,Mihir Subramaniam,25000.0,0,"",0.0,0.0
1792,Minato,25000.0,0,"",0.0,0.0
1793,Muhammad,25000.0,0,"",0.0,0.0
1794,Muhammad Sobah,25000.0,0,"",0.0,0.0
1795,Muhammad Mahmood,25000.0,0,"",0.0,0.0
1796,mukunthan,25000.0,0,"",0.0,0.0
1797,Munsaf ali,25000.0,0,"",0.0,0.0
1798,Zeekay,25000.0,0,"",0.0,0.0
1799,Mosha24,25000.0,0,"",0.0,0.0
1800,Marthy,25000.0,0,"",0.0,0.0
1801,Tahini,25000.0,0,"",0.0,0.0
1802,MochaTrdz,25000.0,0,"",0.0,0.0
1803,ddpusy,25000.0,0,"",0.0,0.0
1804,Naganooka Gali,25000.0,0,"",0.0,0.0
1805,Dagon,25000.0,0,"",0.0,0.0
1806,Najmul Hossain,25000.0,0,"",0.0,0.0
1807,nandan bhut,25000.0,0,"",0.0,0.0
1808,SHER ALI,25000.0,0,"",0.0,0.0
1809,Naren,25000.0,0,"",0.0,0.0
1810,Fox555,25000.0,0,"",0.0,0.0
1811,YoungestNate,25000.0,0,"",0.0,0.0
1812,natha,25000.0,0,"",0.0,0.0
1813,NathanC,25000.0,0,"",0.0,0.0
1814,nhj,25000.0,0,"",0.0,0.0
1815,NB,25000.0,0,"",0.0,0.0
1816,Ne,25000.0,0,"",0.0,0.0
1817,Dan N,25000.0,0,"",0.0,0.0
1818,Nhalege LLC,25000.0,0,"",0.0,0.0
1819,NicesonJoe,25000.0,0,"",0.0,0.0
1820,Nicholas Alan NYC,25000.0,0,"",0.0,0.0
1821,Nicholle,25000.0,0,"",0.0,0.0
1822,Nick,25000.0,0,"",0.0,0.0
1823,TW Nicki Tsai,25000.0,0,"",0.0,0.0
1824,trader,25000.0,0,"",0.0,0.0
1825,Mishu,25000.0,0,"",0.0,0.0
1826,ninad lohar,25000.0,0,"",0.0,0.0
1827,HenryTradesForex,25000.0,0,"",0.0,0.0
1828,Nipur Chowdhury.,25000.0,0,"",0.0,0.0
1829,nir1218,25000.0,0,"",0.0,0.0
1830,nkanyiso,25000.0,0,"",0.0,0.0
1831,Richself,25000.0,0,"",0.0,0.0
1832,Nomunbileg,25000.0,0,"",0.0,0.0
1833,Norman C Layne,25000.0,0,"",0.0,0.0
1834,Notyl,25000.0,0,"",0.0,0.0
1835,Nikhil soni,25000.0,0,"",0.0,0.0
1836,nurbek_m1,25000.0,0,"",0.0,0.0
1837,SEA Kuaizah Adenan,25000.0,0,"",0.0,0.0
1838,masonray96,25000.0,0,"",0.0,0.0
1839,Noel Zimmerman ,25000.0,0,"",0.0,0.0
1840,showbizznobluff,25000.0,0,"",0.0,0.0
1841,Obi,25000.0,0,"",0.0,0.0
1842,D-Money,25000.0,0,"",0.0,0.0
1843,Oleh,25000.0,0,"",0.0,0.0
1844,OJA,25000.0,0,"",0.0,0.0
1845,oliver_bc,25000.0,0,"",0.0,0.0
1846,Manthis,25000.0,0,"",0.0,0.0
1847,Oleg Moroz,25000.0,0,"",0.0,0.0
1848,Omar Dandare,25000.0,0,"",0.0,0.0
1849,Orlando G,25000.0,0,"",0.0,0.0
1850,Kaushil,25000.0,0,"",0.0,0.0
1851,Elvis Correa,25000.0,0,"",0.0,0.0
1852,Ope' Osiyemi,25000.0,0,"",0.0,0.0
1853,Opendra singh,25000.0,0,"",0.0,0.0
1854,Orhan,25000.0,0,"",0.0,0.0
1855,Oscar,25000.0,0,"",0.0,0.0
1856,Erick,25000.0,0,"",0.0,0.0
1857,pankz,25000.0,0,"",0.0,0.0
1858,Paolo Del Piero,25000.0,0,"",0.0,0.0
1859,Paper,25000.0,0,"",0.0,0.0
1860,Kaysis,25000.0,0,"",0.0,0.0
1861,qwenzy_6,25000.0,0,"",0.0,0.0
1862,VIRA,25000.0,0,"",0.0,0.0
1863,pmguerraz,25000.0,0,"",0.0,0.0
1864,Bat.us26,25000.0,0,"",0.0,0.0
1865,Razrtek,25000.0,0,"",0.0,0.0
1866,paul armstrong,25000.0,0,"",0.0,0.0
1867,Valerio Pappalardo,25000.0,0,"",0.0,0.0
1868,Pedro,25000.0,0,"",0.0,0.0
1869,Gabri_trd,25000.0,0,"",0.0,0.0
1870,Pedrucco,25000.0,0,"",0.0,0.0
1871,Fernando ,25000.0,0,"",0.0,0.0
1872,Fibo,25000.0,0,"",0.0,0.0
1873,Peter Graven,25000.0,0,"",0.0,0.0
1874,PJL,25000.0,0,"",0.0,0.0
1875,Phani Thota,25000.0,0,"",0.0,0.0
1876,farman,25000.0,0,"",0.0,0.0
1877,Minseok Martin Choi,25000.0,0,"",0.0,0.0
1878,ThCloud,25000.0,0,"",0.0,0.0
1879,Mazurofgod,25000.0,0,"",0.0,0.0
1880,pablolopse,25000.0,0,"",0.0,0.0
1881,POD,25000.0,0,"",0.0,0.0
1882,TraderPR,25000.0,0,"",0.0,0.0
1883,prabu37,25000.0,0,"",0.0,0.0
1884,Pradeep Kumar,25000.0,0,"",0.0,0.0
1885,Pranay walde,25000.0,0,"",0.0,0.0
1886,prashant4u,25000.0,0,"",0.0,0.0
1887,Prayag,25000.0,0,"",0.0,0.0
1888,Prayas Dhargave,25000.0,0,"",0.0,0.0
1889,Presentdream,25000.0,0,"",0.0,0.0
1890,Prince,25000.0,0,"",0.0,0.0
1891,pj,25000.0,0,"",0.0,0.0
1892,vikas,25000.0,0,"",0.0,0.0
1893,LMJ,25000.0,0,"",0.0,0.0
1894,Miss_P,25000.0,0,"",0.0,0.0
1895,Pseudo,25000.0,0,"",0.0,0.0
1896,Putu gunastra,25000.0,0,"",0.0,0.0
1897,Pavan,25000.0,0,"",0.0,0.0
1898,Priyank,25000.0,0,"",0.0,0.0
1899,MAPDRO.COM,25000.0,0,"",0.0,0.0
1900,Quam,25000.0,0,"",0.0,0.0
1901,Ravi Bora,25000.0,0,"",0.0,0.0
1902,Raafat Marq,25000.0,0,"",0.0,0.0
1903,R R,25000.0,0,"",0.0,0.0
1904,CornPopper,25000.0,0,"",0.0,0.0
1905,Raghav,25000.0,0,"",0.0,0.0
1906,rahultrivedi99,25000.0,0,"",0.0,0.0
1907,Rainier Mendoza,25000.0,0,"",0.0,0.0
1908,TakeTheTrade,25000.0,0,"",0.0,0.0
1909,Ind275,25000.0,0,"",0.0,0.0
1910,Raj,25000.0,0,"",0.0,0.0
1911,raj,25000.0,0,"",0.0,0.0
1912,arun_r,25000.0,0,"",0.0,0.0
1913,Ritu Singh,25000.0,0,"",0.0,0.0
1914,Lemming_FFM,25000.0,0,"",0.0,0.0
1915,Ramin,25000.0,0,"",0.0,0.0
1916,Ramon de Oliveira,25000.0,0,"",0.0,0.0
1917,Ramsiz,25000.0,0,"",0.0,0.0
1918,BerghoffZenf,25000.0,0,"",0.0,0.0
1919,Bethie,25000.0,0,"",0.0,0.0
1920,RANX,25000.0,0,"",0.0,0.0
1921,Raphael Kabemba,25000.0,0,"",0.0,0.0
1922,Raul Garcia,25000.0,0,"",0.0,0.0
1923,RTXT,25000.0,0,"",0.0,0.0
1924,Abdul Razak,25000.0,0,"",0.0,0.0
1925,VADay,25000.0,0,"",0.0,0.0
1926,Ron C,25000.0,0,"",0.0,0.0
1927,BRIGHT,25000.0,0,"",0.0,0.0
1928,readytowin,25000.0,0,"",0.0,0.0
1929,leelion,25000.0,0,"",0.0,0.0
1930,Francis,25000.0,0,"",0.0,0.0
1931,rado09,25000.0,0,"",0.0,0.0
1932,Reid,25000.0,0,"",0.0,0.0
1933,Roberto Eidson,25000.0,0,"",0.0,0.0
1934,DJ,25000.0,0,"",0.0,0.0
1935,Gervas,25000.0,0,"",0.0,0.0
1936,skydreamer,25000.0,0,"",0.0,0.0
1937,repaJoe,25000.0,0,"",0.0,0.0
1938,rew326,25000.0,0,"",0.0,0.0
1939,REYANSH,25000.0,0,"",0.0,0.0
1940,Ray,25000.0,0,"",0.0,0.0
1941,mouser2000,25000.0,0,"",0.0,0.0
1942,Rishabh Dev Bhardwaj,25000.0,0,"",0.0,0.0
1943,RishiFutures,25000.0,0,"",0.0,0.0
1944,Ritesh1089,25000.0,0,"",0.0,0.0
1945,Ritz,25000.0,0,"",0.0,0.0
1946,Peelicker,25000.0,0,"",0.0,0.0
1947,Winter Koala,25000.0,0,"",0.0,0.0
1948,Ram Kammela,25000.0,0,"",0.0,0.0
1949,Rado Cahya Ramadhany,25000.0,0,"",0.0,0.0
1950,njugush,25000.0,0,"",0.0,0.0
1951,RD,25000.0,0,"",0.0,0.0
1952,TWPO HANSU,25000.0,0,"",0.0,0.0
1953,Bobby Blue Eyes,25000.0,0,"",0.0,0.0
1954,BobK,25000.0,0,"",0.0,0.0
1955,Robenson Jean,25000.0,0,"",0.0,0.0
1956,DatDudeRob,25000.0,0,"",0.0,0.0
1957,Rocket,25000.0,0,"",0.0,0.0
1958,Razx,25000.0,0,"",0.0,0.0
1959,Red Dot,25000.0,0,"",0.0,0.0
1960,Yo-ron,25000.0,0,"",0.0,0.0
1961,Ron CL,25000.0,0,"",0.0,0.0
1962,RowzTrades,25000.0,0,"",0.0,0.0
1963,Rory Gardner,25000.0,0,"",0.0,0.0
1964,RoySmith75,25000.0,0,"",0.0,0.0
1965,Rishi P,25000.0,0,"",0.0,0.0
1966,Ophelia,25000.0,0,"",0.0,0.0
1967,Rudy sugiarto,25000.0,0,"",0.0,0.0
1968,pops10k,25000.0,0,"",0.0,0.0
1969,kamalrupal,25000.0,0,"",0.0,0.0
1970,dominickjohnson5,25000.0,0,"",0.0,0.0
1971,Ninh Vu,25000.0,0,"",0.0,0.0
1972,Sabatino,25000.0,0,"",0.0,0.0
1973,Sabrina,25000.0,0,"",0.0,0.0
1974,Sagar,25000.0,0,"",0.0,0.0
1975,Ruin,25000.0,0,"",0.0,0.0
1976,Sahanur Basyal,25000.0,0,"",0.0,0.0
1977,sach,25000.0,0,"",0.0,0.0
1978,esquireman7,25000.0,0,"",0.0,0.0
1979,Salah Khazzam,25000.0,0,"",0.0,0.0
1980,SAMAI,25000.0,0,"",0.0,0.0
1981,Samantha Pinlac,25000.0,0,"",0.0,0.0
1982,Mohammad Salman,25000.0,0,"",0.0,0.0
1983,Sami,25000.0,0,"",0.0,0.0
1984,Dollgirl,25000.0,0,"",0.0,0.0
1985,bubbles,25000.0,0,"",0.0,0.0
1986,sami,25000.0,0,"",0.0,0.0
1987,jevestobs,25000.0,0,"",0.0,0.0
1988,Samuel J. F,25000.0,0,"",0.0,0.0
1989,cswan,25000.0,0,"",0.0,0.0
1990,Skyler,25000.0,0,"",0.0,0.0
1991,Sanket the boss,25000.0,0,"",0.0,0.0
1992,Santhosh,25000.0,0,"",0.0,0.0
1993,Thomas Santos,25000.0,0,"",0.0,0.0
1994,Saone,25000.0,0,"",0.0,0.0
1995,Achille Sariaka Tsiory,25000.0,0,"",0.0,0.0
1996,Sarvesh,25000.0,0,"",0.0,0.0
1997,unBEARaBULL,25000.0,0,"",0.0,0.0
1998,Niyaa,25000.0,0,"",0.0,0.0
1999,or17,25000.0,0,"",0.0,0.0
2000,Saurabh,25000.0,0,"",0.0,0.0
2001,bhargav,25000.0,0,"",0.0,0.0
2002,Sainteli Bouenda,25000.0,0,"",0.0,0.0
2003,SRBChicago,25000.0,0,"",0.0,0.0
2004,LongJohn,25000.0,0,"",0.0,0.0
2005,Spencer C,25000.0,0,"",0.0,0.0
2006,Sanchay Devnath,25000.0,0,"",0.0,0.0
2007,Rik.C,25000.0,0,"",0.0,0.0
2008,Sean Banana,25000.0,0,"",0.0,0.0
2009,CaissaTrader,25000.0,0,"",0.0,0.0
2010,selmanizmirli,25000.0,0,"",0.0,0.0
2011,Sethc2116,25000.0,0,"",0.0,0.0
2012,Seun,25000.0,0,"",0.0,0.0
2013,Krutarth Shah,25000.0,0,"",0.0,0.0
2014,Shahzad Ahmad,25000.0,0,"",0.0,0.0
2015,ShadoJax,25000.0,0,"",0.0,0.0
2016,Tuhin,25000.0,0,"",0.0,0.0
2017,staples,25000.0,0,"",0.0,0.0
2018,Shaun,25000.0,0,"",0.0,0.0
2019,DrosyJock,25000.0,0,"",0.0,0.0
2020,SW Trading Journey PH,25000.0,0,"",0.0,0.0
2021,Polar Bull,25000.0,0,"",0.0,0.0
2022,Shivam Shah,25000.0,0,"",0.0,0.0
2023,Shreyash,25000.0,0,"",0.0,0.0
2024,Shritan,25000.0,0,"",0.0,0.0
2025,joker,25000.0,0,"",0.0,0.0
2026,Sv_nsk24,25000.0,0,"",0.0,0.0
2027,NSV873,25000.0,0,"",0.0,0.0
2028,Siddharth Reddy,25000.0,0,"",0.0,0.0
2029,Siddhi,25000.0,0,"",0.0,0.0
2030,sh1234,25000.0,0,"",0.0,0.0
2031,Commandox,25000.0,0,"",0.0,0.0
2032,EEDSN,25000.0,0,"",0.0,0.0
2033,Sima,25000.0,0,"",0.0,0.0
2034,ck018,25000.0,0,"",0.0,0.0
2035,BONG SIN KHET,25000.0,0,"",0.0,0.0
2036,Sindha S,25000.0,0,"",0.0,0.0
2037,SJA,25000.0,0,"",0.0,0.0
2038,SADMAN ZARIF,25000.0,0,"",0.0,0.0
2039,mslucus2u,25000.0,0,"",0.0,0.0
2040,Solaiman,25000.0,0,"",0.0,0.0
2041,Somanadh,25000.0,0,"",0.0,0.0
2042,Sop,25000.0,0,"",0.0,0.0
2043,Jade007,25000.0,0,"",0.0,0.0
2044,Sods5419,25000.0,0,"",0.0,0.0
2045,SB,25000.0,0,"",0.0,0.0
2046,theo,25000.0,0,"",0.0,0.0
2047,Bullstreet,25000.0,0,"",0.0,0.0
2048,sreshth,25000.0,0,"",0.0,0.0
2049,Sktrader,25000.0,0,"",0.0,0.0
2050,MackMaster,25000.0,0,"",0.0,0.0
2051,MrMohit,25000.0,0,"",0.0,0.0
2052,Shivam,25000.0,0,"",0.0,0.0
2053,Srinath Pinapati,25000.0,0,"",0.0,0.0
2054,Stacy M,25000.0,0,"",0.0,0.0
2055,Tonka,25000.0,0,"",0.0,0.0
2056,Brenton Cass Graham,25000.0,0,"",0.0,0.0
2057,xuanhe,25000.0,0,"",0.0,0.0
2058,sterpfi,25000.0,0,"",0.0,0.0
2059,GlobalMacro1111,25000.0,0,"",0.0,0.0
2060,steve st louis,25000.0,0,"",0.0,0.0
2061,tradeforfun,25000.0,0,"",0.0,0.0
2062,BasketballStu,25000.0,0,"",0.0,0.0
2063,Subking01,25000.0,0,"",0.0,0.0
2064,Peter S,25000.0,0,"",0.0,0.0
2065,Ullman77,25000.0,0,"",0.0,0.0
2066,Aquila,25000.0,0,"",0.0,0.0
2067,MY suqinng,25000.0,0,"",0.0,0.0
2068,Sking,25000.0,0,"",0.0,0.0
2069,Sushmesh,25000.0,0,"",0.0,0.0
2070,Vikkurthi Santosh,25000.0,0,"",0.0,0.0
2071,Jane,25000.0,0,"",0.0,0.0
2072,svfor,25000.0,0,"",0.0,0.0
2073,Akaza,25000.0,0,"",0.0,0.0
2074,Hamid Raza,25000.0,0,"",0.0,0.0
2075,DaveC,25000.0,0,"",0.0,0.0
2076,HoldGold,25000.0,0,"",0.0,0.0
2077,Talha Jamal,25000.0,0,"",0.0,0.0
2078,Tanvir Kang,25000.0,0,"",0.0,0.0
2079,Tariq latif,25000.0,0,"",0.0,0.0
2080,TRV55,25000.0,0,"",0.0,0.0
2081,Tinku,25000.0,0,"",0.0,0.0
2082,Thu T,25000.0,0,"",0.0,0.0
2083,Gerson kondjeni haihwiki,25000.0,0,"",0.0,0.0
2084,Hellcat86,25000.0,0,"",0.0,0.0
2085,tbgkb,25000.0,0,"",0.0,0.0
2086,Steve-O,25000.0,0,"",0.0,0.0
2087,TCVR,25000.0,0,"",0.0,0.0
2088,Nelson11,25000.0,0,"",0.0,0.0
2089,Teresa,25000.0,0,"",0.0,0.0
2090,RonJeremytheWicked,25000.0,0,"",0.0,0.0
2091,Bek,25000.0,0,"",0.0,0.0
2092,OmniTheGreat,25000.0,0,"",0.0,0.0
2093,Maybach,25000.0,0,"",0.0,0.0
2094,Phu Le,25000.0,0,"",0.0,0.0
2095,IdkwhoamI,25000.0,0,"",0.0,0.0
2096,Sumaya,25000.0,0,"",0.0,0.0
2097,Tarun Kotecha,25000.0,0,"",0.0,0.0
2098,Tiffany Ma,25000.0,0,"",0.0,0.0
2099,tbomb,25000.0,0,"",0.0,0.0
2100,toppro777,25000.0,0,"",0.0,0.0
2101,Trade With Na,25000.0,0,"",0.0,0.0
2102,MV,25000.0,0,"",0.0,0.0
2103,John,25000.0,0,"",0.0,0.0
2104,Master Travis,25000.0,0,"",0.0,0.0
2105,taco74,25000.0,0,"",0.0,0.0
2106,DIno Nub,25000.0,0,"",0.0,0.0
2107,Supaturek,25000.0,0,"",0.0,0.0
2108,Highschool Day Trader,25000.0,0,"",0.0,0.0
2109,Masato,25000.0,0,"",0.0,0.0
2110,WangWangg,25000.0,0,"",0.0,0.0
2111,Joe Blohm,25000.0,0,"",0.0,0.0
2112,Umar Briamah,25000.0,0,"",0.0,0.0
2113,Monishwar Sampath,25000.0,0,"",0.0,0.0
2114,Fxlucky,25000.0,0,"",0.0,0.0
2115,takelite,25000.0,0,"",0.0,0.0
2116,W4rmM4rshm4llow,25000.0,0,"",0.0,0.0
2117,Uzair,25000.0,0,"",0.0,0.0
2118,surya varman,25000.0,0,"",0.0,0.0
2119,ShadowTrader82,25000.0,0,"",0.0,0.0
2120,AV | Trading Desk,25000.0,0,"",0.0,0.0
2121,Veesoldcrypto,25000.0,0,"",0.0,0.0
2122,stepB,25000.0,0,"",0.0,0.0
2123,EstOViiking,25000.0,0,"",0.0,0.0
2124,VijeetG,25000.0,0,"",0.0,0.0
2125,vik07x,25000.0,0,"",0.0,0.0
2126,Vipin Sharma ,25000.0,0,"",0.0,0.0
2127,Vishal Jaiswara,25000.0,0,"",0.0,0.0
2128,V24,25000.0,0,"",0.0,0.0
2129,vj,25000.0,0,"",0.0,0.0
2130,VJ,25000.0,0,"",0.0,0.0
2131,Vijeet,25000.0,0,"",0.0,0.0
2132,prick for a tick,25000.0,0,"",0.0,0.0
2133,Vasileios Nikiforidis,25000.0,0,"",0.0,0.0
2134,Mcool,25000.0,0,"",0.0,0.0
2135,TradeDemon,25000.0,0,"",0.0,0.0
2136,Mr. Warren,25000.0,0,"",0.0,0.0
2137,Matthew,25000.0,0,"",0.0,0.0
2138,dw,25000.0,0,"",0.0,0.0
2139,WENBO LI,25000.0,0,"",0.0,0.0
2140,Superlejera,25000.0,0,"",0.0,0.0
2141,Will Cooper,25000.0,0,"",0.0,0.0
2142,DomestiCat,25000.0,0,"",0.0,0.0
2143,Will Smith,25000.0,0,"",0.0,0.0
2144,Cool regular,25000.0,0,"",0.0,0.0
2145,TW CHEN,25000.0,0,"",0.0,0.0
2146,Rodgers2026,25000.0,0,"",0.0,0.0
2147,seventing,25000.0,0,"",0.0,0.0
2148,MIDAS,25000.0,0,"",0.0,0.0
2149,frankdontsurf,25000.0,0,"",0.0,0.0
2150,TW YenXian Chang,25000.0,0,"",0.0,0.0
2151,Dylan Xu,25000.0,0,"",0.0,0.0
2152,Jeff Zhang,25000.0,0,"",0.0,0.0
2153,Yamuna,25000.0,0,"",0.0,0.0
2154,Jieyuanmai,25000.0,0,"",0.0,0.0
2155,Boom,25000.0,0,"",0.0,0.0
2156,Yazz,25000.0,0,"",0.0,0.0
2157,YASSIR ORF,25000.0,0,"",0.0,0.0
2158,The Yen Trader,25000.0,0,"",0.0,0.0
2159,Yifan Sun,25000.0,0,"",0.0,0.0
2160,YilingLiu,25000.0,0,"",0.0,0.0
2161,Vollens,25000.0,0,"",0.0,0.0
2162,TheSheriff,25000.0,0,"",0.0,0.0
2163,Yivani ,25000.0,0,"",0.0,0.0
2164,Misticalbell,25000.0,0,"",0.0,0.0
2165,ymgong,25000.0,0,"",0.0,0.0
2166,yogi,25000.0,0,"",0.0,0.0
2167,josefking,25000.0,0,"",0.0,0.0
2168,YOUSSEF RYAHI,25000.0,0,"",0.0,0.0
2169,Yusuf Parwez,25000.0,0,"",0.0,0.0
2170,JackB,25000.0,0,"",0.0,0.0
2171,Marcuss,25000.0,0,"",0.0,0.0
2172,TraderZack,25000.0,0,"",0.0,0.0
2173,Zaidpoint,25000.0,0,"",0.0,0.0
2174,Damaris E GARRIDO,25000.0,0,"",0.0,0.0
2175,zhimadog,25000.0,0,"",0.0,0.0
2176,ZachMonto,25000.0,0,"",0.0,0.0
2177,imxeeshan,25000.0,0,"",0.0,0.0
